comid,wy,area,p10,p25,p50,p75,p90
3917070,1950,1.649,4,7,15.6,22.5,28
3917070,1951,1.649,4,7.25,16,22.75,28
3917070,1952,1.649,4,7.2,16,22,28
3917070,1953,1.649,4,7,15.3666666666667,22,28
3917070,1954,1.649,4,7.2,15.8,22.5,28
3917070,1955,1.649,4,7.2,16,22.5,28
3917070,1956,1.649,4,7,15.6666666666667,22,28
3917070,1957,1.649,4,7,15.5,22.05,28
3917070,1958,1.649,4,7,15.1,22,28
3917070,1959,1.649,4,7,15.8,22.75,28
3917070,1960,1.649,4,7.2,15.8,22.5,28
3917070,1961,1.649,4,7.2,15.9,22,28
3917070,1962,1.649,4,7,15.775,22.5,28
3917070,1963,1.649,4,7.2,15.6666666666667,22.05,28
3917070,1964,1.649,4,7,15.6666666666667,22.05,28
3917070,1965,1.649,4,7.2,15.8,22,28
3917070,1966,1.649,4,7,15.5,22,28
3917070,1967,1.649,4,7.25,15.8,22.05,28
3917070,1968,1.649,4,7.2,15.75,22.2,28
3917070,1969,1.649,4,7.15,15.7083333333333,22.5,28
3917070,1970,1.649,4,7,15.4,22,28
3917070,1971,1.649,4,7.2,15.8,22,28
3917070,1972,1.649,4,7,15.4,22,28
3917070,1973,1.649,4,7,15.1,22,28
3917070,1974,1.649,4,7.2,16,22.5,28
3917070,1975,1.649,4,7,15.5,22,28
3917070,1976,1.649,4,7.15,15.8,22.05,28
3917070,1977,1.649,4,7.2,15.75,22.2125,28
3917070,1978,1.649,4,7.2,15.5,22,28
3917070,1979,1.649,4,7,15.55,22.2125,28
3917070,1980,1.649,4,7.15,15.8,22.3125,28
3917070,1981,1.649,4,7,15.775,22,28
3917070,1982,1.649,4,7,15.75,22,28
3917070,1983,1.649,4,7,15,22,28
3917070,1984,1.649,4,7,15,22,28
3917070,1985,1.649,4,7.2,15.8,22.5,28
3917070,1986,1.649,4,7.2,15.9,22.5,28
3917070,1987,1.649,4,7.2,15.9,22.5,28
3917070,1988,1.649,4,7.25,15.6666666666667,22,28
3917070,1989,1.649,4,7.25,16,22.5,28
3917070,1990,1.649,4,7.2,15.55,22,28
3917070,1991,1.649,4,7.2,15.6,22,28
3917070,1992,1.649,4,7.25,15.8,22,28
3917070,1993,1.649,4,7,15.6,22,28
3917070,1994,1.649,4,7,15.6,22.05,28
3917070,1995,1.649,4,7,15.55,22,28
3917070,1996,1.649,4,7,15,22,28
3917070,1997,1.649,4,7,15.55,22.05,28
3917070,1998,1.649,4,7.2,15.5,22,28
3917070,1999,1.649,4,7,15.6,22.05,28
3917070,2000,1.649,4,7.2,15.9,22.5,28
3917070,2001,1.649,4,7.2,15.9,22.5,28
3917070,2002,1.649,4,7.3125,16,22.5,28
3917070,2003,1.649,4,7.15,16,22.5,28
3917070,2004,1.649,4,7,15.7083333333333,22.05,28
3917070,2005,1.649,4,7.25,15.9,22.2,28
3917070,2006,1.649,4,7.25,16,22.5,28
3917070,2007,1.649,4,7.15,15.6666666666667,22,28
3917070,2008,1.649,4,7.25,16,22.5,28
3917070,2009,1.649,4,7.3125,16,22,28
3917070,2010,1.649,4,7.2375,15.8,22,28
3917070,2011,1.649,4,7.2375,15.7083333333333,22.05,28
3917070,2012,1.649,4,7,15,22,28
3917070,2013,1.649,4,7,15.6666666666667,22,28
3917070,2014,1.649,4,7.15,15.6666666666667,22,28
3917070,2015,1.649,4,7,16,22.5,28
3917072,1950,0.086,4,7.2,16.125,22.75,28
3917072,1951,0.086,4,7.2375,16.25,22.75,28
3917072,1952,0.086,4,7.2,16,22.75,28
3917072,1953,0.086,4,7.2,16,22.525,28
3917072,1954,0.086,4,7.2,16,22.75,28
3917072,1955,0.086,4,7.2375,16.125,22.75,28
3917072,1956,0.086,4,7,16,22.6875,28
3917072,1957,0.086,4,7.25,16.3666666666667,23,28
3917072,1958,0.086,4,7.2,16.25,22.6875,28
3917072,1959,0.086,4,7.2,16.25,23,28
3917072,1960,0.086,4,7.2375,16.25,22.75,28
3917072,1961,0.086,4,7.2,16,22.5,28
3917072,1962,0.086,4,7.2375,16.2916666666667,23,28
3917072,1963,0.086,4,7.2,16,22.5,28
3917072,1964,0.086,4,7.2,16.125,22.7625,28
3917072,1965,0.086,4,7.2,16,22.8,28
3917072,1966,0.086,4,7.25,16.25,22.75,28
3917072,1967,0.086,4,7.2,16,22.75,28
3917072,1968,0.086,4,7.2,16,22.75,28
3917072,1969,0.086,4,7.2,16,22.75,28
3917072,1970,0.086,4,7.2,16,22.525,28
3917072,1971,0.086,4,7.2,16,22.525,28
3917072,1972,0.086,4,7.2,16,22.75,28
3917072,1973,0.086,4,7.25,16.25,22.75,28
3917072,1974,0.086,4,7.2,16.25,23,28
3917072,1975,0.086,4,7.2,16,22.75,28
3917072,1976,0.086,4,7.25,16.25,23,28
3917072,1977,0.086,4,7.2,16.25,22.75,28
3917072,1978,0.086,4,7.2,16,22.75,28
3917072,1979,0.086,4,7.2375,16,22.75,28
3917072,1980,0.086,4,7.2,16.125,22.75,28
3917072,1981,0.086,4,7.2,16.125,22.75,28
3917072,1982,0.086,4,7.2,16,22.75,28
3917072,1983,0.086,4,7.2,16,22.525,28
3917072,1984,0.086,4,7.2,16,22.5,28
3917072,1985,0.086,4,7.2375,16.25,23,28
3917072,1986,0.086,4,7.2,16.25,22.75,28
3917072,1987,0.086,4,7.2,16,22.7625,28
3917072,1988,0.086,4,7.2,16,22.525,28
3917072,1989,0.086,4,7.25,16.25,23,28
3917072,1990,0.086,4,7.2375,16.25,23,28
3917072,1991,0.086,4,7.2,16,22.75,28
3917072,1992,0.086,4,7.2,16,22.75,28
3917072,1993,0.086,4,7.2,16,22.75,28
3917072,1994,0.086,4,7.2,16,22.75,28
3917072,1995,0.086,4,7.2,16,22.75,28
3917072,1996,0.086,4,7.2,16,22.7625,28
3917072,1997,0.086,4,7.2,16,22.7625,28
3917072,1998,0.086,4,7.2,16,22.525,28
3917072,1999,0.086,4,7.25,16.25,23,28
3917072,2000,0.086,4,7.2,16.25,23,28
3917072,2001,0.086,4,7.2375,16.25,23,28
3917072,2002,0.086,4,7.25,16.2916666666667,23,28
3917072,2003,0.086,4,7.2375,16.25,23,28
3917072,2004,0.086,4,7.2,16.25,23,28
3917072,2005,0.086,4,7.2,16,22.5,28
3917072,2006,0.086,4,7.2,16,22.525,28
3917072,2007,0.086,4,7.2,16,22.75,28
3917072,2008,0.086,4,7.25,16.25,23,28
3917072,2009,0.086,4,7.2,16,22.75,28
3917072,2010,0.086,4,7.2,16,22.7625,28
3917072,2011,0.086,4,7.2,16,22.7625,28
3917072,2012,0.086,4,7.2,16,22.5,28
3917072,2013,0.086,4,7.2,16,22.75,28
3917072,2014,0.086,4,7.25,16.25,23,28
3917072,2015,0.086,4,7.2375,16.2916666666667,23,28
3917082,1950,1.483,4,7,15.8,22.5,28
3917082,1951,1.483,4,7.25,16,22.75,28
3917082,1952,1.483,4,7.25,16,22,28
3917082,1953,1.483,4,7.25,15.775,22,28
3917082,1954,1.483,4,7.33333333333333,15.8,22.5,28
3917082,1955,1.483,4,7.3125,16,22.5,28
3917082,1956,1.483,4,7.2,16,22.525,28
3917082,1957,1.483,4,7,15.5,22.2125,28
3917082,1958,1.483,4,7,15.1,22,28
3917082,1959,1.483,4,7,15.6,22.525,28
3917082,1960,1.483,4,7.3125,16,22.6166666666667,28
3917082,1961,1.483,4,7.2375,15.8,22,28
3917082,1962,1.483,4,7,15.6333333333333,22.5,28
3917082,1963,1.483,4,7.25,15.6666666666667,22.05,28
3917082,1964,1.483,4,7.2,15.6666666666667,22,28
3917082,1965,1.483,4,7.2,15.6,22,28
3917082,1966,1.483,4,7.15,15.6666666666667,22,28
3917082,1967,1.483,4,7.2,15.7083333333333,22,28
3917082,1968,1.483,4,7.2,15.8,22.2125,28
3917082,1969,1.483,4,7.2,15.775,22.5,28
3917082,1970,1.483,4,7.2,15.6666666666667,22.05,28
3917082,1971,1.483,4,7.2375,15.75,22,28
3917082,1972,1.483,4,7.2,15.6,22,28
3917082,1973,1.483,4,7,15.6333333333333,22.6666666666667,28
3917082,1974,1.483,4,7.2,16,22.5,28
3917082,1975,1.483,4,7.2,15.5,22,28
3917082,1976,1.483,4,7.25,15.7083333333333,22.3125,28
3917082,1977,1.483,4,7.25,15.75,22.2125,28
3917082,1978,1.483,4,7.2,15.6666666666667,22,28
3917082,1979,1.483,4,7,15.55,22.5,28
3917082,1980,1.483,4,7.2,15.6666666666667,22.2125,28
3917082,1981,1.483,4,7.15,15.8,22.5,28
3917082,1982,1.483,4,7.2,15.8,22.5,28
3917082,1983,1.483,4,7.2,15.6,22.2125,28
3917082,1984,1.483,4,7,15.5,22,28
3917082,1985,1.483,4,7,15.8,22.05,28
3917082,1986,1.483,4,7.2375,16,22.5,28
3917082,1987,1.483,4,7.2375,15.8,22.05,28
3917082,1988,1.483,4,7.2,15.775,22,28
3917082,1989,1.483,4,7.2,16,22.5,28
3917082,1990,1.483,4,7.2,15.5,22.05,28
3917082,1991,1.483,4,7.2375,15.6333333333333,22,28
3917082,1992,1.483,4,7.33333333333333,15.8,22,28
3917082,1993,1.483,4,7.2,15.6,22,28
3917082,1994,1.483,4,7.25,15.6666666666667,22.05,28
3917082,1995,1.483,4,7.2,15.6,22,28
3917082,1996,1.483,4,7,15,22,28
3917082,1997,1.483,4,7.15,15.6666666666667,22.2125,28
3917082,1998,1.483,4,7,15.5,22,28
3917082,1999,1.483,4,7,15.7083333333333,22.2125,28
3917082,2000,1.483,4,7.25,16,22.5,28
3917082,2001,1.483,4,7.25,16,22.5,28
3917082,2002,1.483,4,7.33333333333333,16,22.5,28
3917082,2003,1.483,4,7.25,16,22.525,28
3917082,2004,1.483,4,7.25,16,22.5,28
3917082,2005,1.483,4,7.25,16,22.2125,28
3917082,2006,1.483,4,7.33333333333333,15.9,22.5,28
3917082,2007,1.483,4,7.2,15.8,22,28
3917082,2008,1.483,4,7.25,16,22.5,28
3917082,2009,1.483,4,7.25,15.8,22,28
3917082,2010,1.483,4,7.25,15.8,22,28
3917082,2011,1.483,4,7.3125,15.8,22.5,28
3917082,2012,1.483,4,7.2,15.5,22,28
3917082,2013,1.483,4,7,15.6,22,28
3917082,2014,1.483,4,7.2,15.6,22.05,28
3917082,2015,1.483,4,7.2,15.9,22.5,28
3917084,1950,14.966,3,5.33333333333333,9.5,18,21
3917084,1951,14.966,3,5.66666666666667,10.2916666666667,19,22
3917084,1952,14.966,3.2,6,11.225,20,22.755
3917084,1953,14.966,3.25,5.8,10,19,21.4
3917084,1954,14.966,3,5.7875,10.5,19.3333333333333,22
3917084,1955,14.966,3,5.75,10.2916666666667,19,22
3917084,1956,14.966,3.18,6,11.3333333333333,20,23
3917084,1957,14.966,3,5.6,9.8,18.5,21
3917084,1958,14.966,3,5.75,10,19,21.675
3917084,1959,14.966,3.5,6,11,19.8,23
3917084,1960,14.966,3.25,6,10.5,19,21.41
3917084,1961,14.966,3,5.5,10,19,22
3917084,1962,14.966,3,5,9.1,17.2,21
3917084,1963,14.966,3,5.66666666666667,10,19,22
3917084,1964,14.966,3,5.66666666666667,10,19,22
3917084,1965,14.966,3.33333333333333,6,11,19.525,22.205
3917084,1966,14.966,3.2,5.95,10.4,19,21.34
3917084,1967,14.966,3.325,6,11.5,20,23
3917084,1968,14.966,3,5.75,10,19,21.6666666666667
3917084,1969,14.966,3,6,11,20,23
3917084,1970,14.966,3,5.25,10,18.8,21.2
3917084,1971,14.966,3,6,10.6333333333333,19.35,22.265
3917084,1972,14.966,3.25,6,10.5,19,22
3917084,1973,14.966,3,5.3125,9.6,18,21
3917084,1974,14.966,3.49,6,11.3666666666667,20,23
3917084,1975,14.966,3,5.4,9.9,18.7625,21
3917084,1976,14.966,3,6,10.3666666666667,19,21.755
3917084,1977,14.966,3.25,6,10.5,19,21.675
3917084,1978,14.966,3.5,6,12,20,23
3917084,1979,14.966,3,5.4,9.45,18,21
3917084,1980,14.966,3,5.66666666666667,10,19,21.4
3917084,1981,14.966,3,5,9.6,19,21.82
3917084,1982,14.966,3,5.33333333333333,10,19,22
3917084,1983,14.966,3,5.5,9.70833333333333,19,21.2
3917084,1984,14.966,3.2,5.6,10,18.6666666666667,21
3917084,1985,14.966,3,5.75,10,18.8,21.4
3917084,1986,14.966,3.33333333333333,6,10.9,19.6,22.5
3917084,1987,14.966,3.4,6,10.5,19,22
3917084,1988,14.966,3.4,6,11.5,20,22.8
3917084,1989,14.966,3,5.8,11,19.7625,23
3917084,1990,14.966,3.325,6,10.4,19,21.41
3917084,1991,14.966,3.2,6,10.1,19,21.2
3917084,1992,14.966,3.2,6,11,19.3333333333333,22.6066666666667
3917084,1993,14.966,3,6,11.9,20,23
3917084,1994,14.966,3.33333333333333,6,10.5,19,21.5166666666667
3917084,1995,14.966,3,5.72916666666667,11.2916666666667,20,23
3917084,1996,14.966,3,5.2375,9.5,18.525,21
3917084,1997,14.966,3,5.75,10,19,21.41
3917084,1998,14.966,3,5.75,10,19,22
3917084,1999,14.966,3,5.8,10.2916666666667,19,21.8
3917084,2000,14.966,3.33333333333333,6,10.5,19,21.675
3917084,2001,14.966,3.18,6,10.5,19,22
3917084,2002,14.966,3.18,6,11.4166666666667,20,22.8
3917084,2003,14.966,3.245,6,11.25,19.8,22.6666666666667
3917084,2004,14.966,3,5.6,10,19,22
3917084,2005,14.966,3.25,6,10.6,19.5,22
3917084,2006,14.966,3,5.7875,11,19.6,22.675
3917084,2007,14.966,3,5.75,10,19,21.675
3917084,2008,14.966,3.39333333333333,6,11.6666666666667,20,23
3917084,2009,14.966,3.4,6,11.6666666666667,20,22.8
3917084,2010,14.966,3.2,6,11.3333333333333,19.75,23
3917084,2011,14.966,3.2,6,11.2,19.5,22.6666666666667
3917084,2012,14.966,3,5.5,10,19,21.2
3917084,2013,14.966,3,6,10.5,19.3333333333333,22
3917084,2014,14.966,3,5.66666666666667,10.2,19,22
3917084,2015,14.966,3.18,5.66666666666667,10,19.2125,22
3917106,1950,26.646,3,5,9.2,17.375,21
3917106,1951,26.646,3,5,9.29166666666667,18,21
3917106,1952,26.646,3,5.75,10.4,19.3333333333333,22.5
3917106,1953,26.646,3,5.33333333333333,9.5,18.6666666666667,21
3917106,1954,26.646,3,5.75,10,19,22
3917106,1955,26.646,3,5.4,9.6,18.75,21.2583333333333
3917106,1956,26.646,3,5.75,10.6666666666667,19.6666666666667,23
3917106,1957,26.646,3,5,9,17.3333333333333,21
3917106,1958,26.646,3,5.5,10,18.6666666666667,21.3333333333333
3917106,1959,26.646,3.33333333333333,6,10.5,19.75,23
3917106,1960,26.646,3.2,5.75,10,19,21.82
3917106,1961,26.646,3,5,9.4,18.5,21
3917106,1962,26.646,3,5,8.775,16,21
3917106,1963,26.646,3,5.4,9.55,18,21
3917106,1964,26.646,3,5.4,9.63333333333333,19,21.755
3917106,1965,26.646,3,5.5,10,19,22
3917106,1966,26.646,3.2,5.66666666666667,9.66666666666667,18.6666666666667,21
3917106,1967,26.646,3,5.95,10.2916666666667,19,22
3917106,1968,26.646,3,5.5,10,18.6666666666667,21.2
3917106,1969,26.646,3,5.66666666666667,10,19,21.41
3917106,1970,26.646,3,5,9,18,21
3917106,1971,26.646,3,5.2,9.5,19,21.3333333333333
3917106,1972,26.646,3,5.33333333333333,10,19,22
3917106,1973,26.646,3,5,9,17,21
3917106,1974,26.646,3,5.66666666666667,10,19,22
3917106,1975,26.646,3,5,9.25,17.6875,21
3917106,1976,26.646,3,5.66666666666667,9.66666666666667,19,21.5
3917106,1977,26.646,3,5.66666666666667,10,18.8,21.2
3917106,1978,26.646,3.25,6,11.7083333333333,20,23
3917106,1979,26.646,3,5,9,16,21
3917106,1980,26.646,3,5.5,9.66666666666667,18.85,21.75
3917106,1981,26.646,3,5,9,17.5,21
3917106,1982,26.646,3,5.15,9.5,18.6166666666667,21
3917106,1983,26.646,3,5,9.25,18.6666666666667,21
3917106,1984,26.646,3,5,9,17.3333333333333,21
3917106,1985,26.646,3,5.5,9.5,18,21
3917106,1986,26.646,3,5.66666666666667,10,19,22
3917106,1987,26.646,3.39333333333333,6,10,19,22
3917106,1988,26.646,3.2,6,10.6666666666667,19.75,22.755
3917106,1989,26.646,3,5.66666666666667,10.225,19,22.5
3917106,1990,26.646,3,5.66666666666667,10,19,21.675
3917106,1991,26.646,3,5.66666666666667,10,19,21.3333333333333
3917106,1992,26.646,3,5.75,10.2,19,21.82
3917106,1993,26.646,3,5.72916666666667,11.2,19.6875,23
3917106,1994,26.646,3,5.5,10,19,21.755
3917106,1995,26.646,3,5.25,10,19,22
3917106,1996,26.646,3,5,9,18,21
3917106,1997,26.646,3,5.33333333333333,9.4,18,21
3917106,1998,26.646,3,5.4,9.66666666666667,18.3333333333333,21
3917106,1999,26.646,3,5.5,10,18.7625,21.34
3917106,2000,26.646,3,5.8,10,19,21.41
3917106,2001,26.646,3,5.5,10,19,21.5
3917106,2002,26.646,3,6,11,20,23
3917106,2003,26.646,3,5.5,10,19,22
3917106,2004,26.646,3,5.5,9.5,18.05,21
3917106,2005,26.646,3,5.33333333333333,9.66666666666667,19,21.75
3917106,2006,26.646,3,5.5,10,19,22
3917106,2007,26.646,3,5.5,9.66666666666667,18.3333333333333,21
3917106,2008,26.646,3,5.8,10.5,19.6666666666667,22.8
3917106,2009,26.646,3.25,6,10.6666666666667,19,22
3917106,2010,26.646,3,5.6,10,19,22
3917106,2011,26.646,3,5.66666666666667,10,19,22
3917106,2012,26.646,3,5,9.4,18.35,21
3917106,2013,26.646,3,5.66666666666667,10,19,21.8
3917106,2014,26.646,3,5.33333333333333,9.8,18.375,21.2
3917106,2015,26.646,3,5.2375,9.5,19,21.5
3917114,1950,1.989,4,7.15,15.8,22.5,28
3917114,1951,1.989,4,7.25,16,22.6875,28
3917114,1952,1.989,4,7,15.8,22,28
3917114,1953,1.989,4,7,15.4,22,28
3917114,1954,1.989,4,7.2,15.775,22.2125,28
3917114,1955,1.989,4,7.2,16,22.5,28
3917114,1956,1.989,4,7,15.75,22,28
3917114,1957,1.989,4,7,15.55,22,28
3917114,1958,1.989,4,7,15,22,28
3917114,1959,1.989,4,7,15.6,22.5,28
3917114,1960,1.989,4,7.2,15.9,22.5,28
3917114,1961,1.989,4,7.2,15.8,22,28
3917114,1962,1.989,4,7,15.75,22.5,28
3917114,1963,1.989,4,7,15.6,22,28
3917114,1964,1.989,4,7,15.55,22,28
3917114,1965,1.989,4,7.2,15.8,22,28
3917114,1966,1.989,4,7,15.5,22,28
3917114,1967,1.989,4,7.2,15.75,22,28
3917114,1968,1.989,4,7.2,15.8,22.5,28
3917114,1969,1.989,4,7,15.6,22.3125,28
3917114,1970,1.989,4,7,15.3666666666667,22,28
3917114,1971,1.989,4,7.2,15.775,22,28
3917114,1972,1.989,4,7,15.4,22,28
3917114,1973,1.989,4,7,15,22,28
3917114,1974,1.989,4,7.2,16,22.5,28
3917114,1975,1.989,4,7,15.3666666666667,22,28
3917114,1976,1.989,4,7,15.6666666666667,22,28
3917114,1977,1.989,4,7,15.7083333333333,22.2125,28
3917114,1978,1.989,4,7.2,15.5,22,28
3917114,1979,1.989,4,7,15.3666666666667,22,28
3917114,1980,1.989,4,7.2,15.7083333333333,22.2125,28
3917114,1981,1.989,4,7,15.8,22.0625,28
3917114,1982,1.989,4,7,15.7083333333333,22.05,28
3917114,1983,1.989,4,7,15.2,22,28
3917114,1984,1.989,4,7,15,22,28
3917114,1985,1.989,4,7.2,15.775,22.2125,28
3917114,1986,1.989,4,7.2,16,22.5,28
3917114,1987,1.989,4,7.2,15.8,22.5,28
3917114,1988,1.989,4,7.25,15.6666666666667,22,28
3917114,1989,1.989,4,7.2,16,22.5,28
3917114,1990,1.989,4,7.15,15.5,22,28
3917114,1991,1.989,4,7.2,15.5,22,28
3917114,1992,1.989,4,7.3125,15.8,22,28
3917114,1993,1.989,4,7.15,15.55,22,28
3917114,1994,1.989,4,7.15,15.75,22.05,28
3917114,1995,1.989,4,7,15.5,22,28
3917114,1996,1.989,4,7,15,22,28
3917114,1997,1.989,4,7,15.5,22,28
3917114,1998,1.989,4,7,15,22,28
3917114,1999,1.989,4,7,15.6,22.3125,28
3917114,2000,1.989,4,7,15.8,22,28
3917114,2001,1.989,4,7.15,15.8,22.5,28
3917114,2002,1.989,4,7.25,16,22.5,28
3917114,2003,1.989,4,7.2,16,22.525,28
3917114,2004,1.989,4,7.15,15.7083333333333,22.2125,28
3917114,2005,1.989,4,7.2375,15.8,22,28
3917114,2006,1.989,4,7.2375,15.8,22.3125,28
3917114,2007,1.989,4,7,15.6,22,28
3917114,2008,1.989,4,7.2,16,22.5,28
3917114,2009,1.989,4,7.2,15.8,22,28
3917114,2010,1.989,4,7.2,15.8,22,28
3917114,2011,1.989,4,7.2,15.8,22.2125,28
3917114,2012,1.989,4,7,15.2666666666667,22,28
3917114,2013,1.989,4,7,15.6666666666667,22,28
3917114,2014,1.989,4,7.2,16,22.5,28
3917114,2015,1.989,4,7.2,15.9,22.5,28
3917130,1950,76.367,2.75,4,8,15,20.25
3917130,1951,76.367,2.98,4.33333333333333,8,16,20.51
3917130,1952,76.367,3,5,9,18,21
3917130,1953,76.367,2.6,4,8,15.5,20.6666666666667
3917130,1954,76.367,3,4.5,8.29166666666667,16.2,21
3917130,1955,76.367,3,4.75,8.33333333333333,16.35,20.4
3917130,1956,76.367,2.75,4.66666666666667,8.66666666666667,16,21
3917130,1957,76.367,2.59,4,7.5,14.425,20.41
3917130,1958,76.367,3,4.5,8.36666666666667,17,21
3917130,1959,76.367,3,5,9,19,21.82
3917130,1960,76.367,3,5,8.6,16.5,20.5
3917130,1961,76.367,3,4.475,8,16,20.205
3917130,1962,76.367,2.98,4,8,15,20.265
3917130,1963,76.367,3,4.5,8,16,20.6066666666667
3917130,1964,76.367,2.8,4.25,8,16.6666666666667,21
3917130,1965,76.367,3,5,9.25,18,21
3917130,1966,76.367,2.8,4.4,8,16.6875,21
3917130,1967,76.367,3,5,9,17,21
3917130,1968,76.367,2.8,4.33333333333333,8,16,21
3917130,1969,76.367,3,4.66666666666667,8.25,16,20.5
3917130,1970,76.367,2.66,4,8,15.8,21
3917130,1971,76.367,2.8,4.75,8.33333333333333,16,21
3917130,1972,76.367,3,4.66666666666667,8,16,21
3917130,1973,76.367,2.75,4,8,15,21
3917130,1974,76.367,2.98,4.8,8.75,17.3333333333333,21
3917130,1975,76.367,2.66666666666667,4,7.75,15,21
3917130,1976,76.367,3,4.72916666666667,8.5,16.8,21
3917130,1977,76.367,3,5,8.66666666666667,17,20.51
3917130,1978,76.367,3,5,10,18.2,21
3917130,1979,76.367,2.8,4,7.4,14.7,20.755
3917130,1980,76.367,3,5,8.66666666666667,17,21
3917130,1981,76.367,2.98,4.33333333333333,8,16,20.5
3917130,1982,76.367,2.795,4.38333333333333,8,15.7625,20.5
3917130,1983,76.367,2.75,4,7.55,15.5,20.5
3917130,1984,76.367,2.8,4.2,8,15.05,20.51
3917130,1985,76.367,3,4.8,8.5,16,20.82
3917130,1986,76.367,3,4.8,8.55,17,20.82
3917130,1987,76.367,3,5,9,18,21
3917130,1988,76.367,3,5,9,17.85,21
3917130,1989,76.367,2.795,4.75,8.75,17,21
3917130,1990,76.367,3,4.75,8.5,17,21
3917130,1991,76.367,3,4.75,8.33333333333333,16.6666666666667,21
3917130,1992,76.367,3,5,8.75,17,20.6666666666667
3917130,1993,76.367,2.98,5,8.8,17.5,21
3917130,1994,76.367,2.98,4.66666666666667,8.63333333333333,17.75,21
3917130,1995,76.367,3,5,9,18,21
3917130,1996,76.367,2.6,4,7.75,15.35,20.75
3917130,1997,76.367,3,4.4,8,16,21
3917130,1998,76.367,3,4.66666666666667,8.225,16,20.6066666666667
3917130,1999,76.367,2.8,4.33333333333333,8,16,21
3917130,2000,76.367,3,4.6,8.25,16.8,21
3917130,2001,76.367,3,5,9,17.6166666666667,21
3917130,2002,76.367,3,5,9.5,18.6166666666667,21
3917130,2003,76.367,3,5,9,18,21
3917130,2004,76.367,3,4.5,8,16,20.41
3917130,2005,76.367,3,4.8,8.55,17,20.6666666666667
3917130,2006,76.367,2.74166666666667,5,9,17.7625,21
3917130,2007,76.367,2.75,4,8,15,21
3917130,2008,76.367,3,5,9,17.5416666666667,21
3917130,2009,76.367,2.795,5,9,18,21
3917130,2010,76.367,2.98,4.75,9,16.85,21
3917130,2011,76.367,2.75,5,9,17.05,21
3917130,2012,76.367,2.66666666666667,4.2,8,16,20.4
3917130,2013,76.367,3,5,9,18,21
3917130,2014,76.367,3,4.66666666666667,8.5,16,20.5
3917130,2015,76.367,3,4.8,8.775,17.3333333333333,21
3917136,1950,1.789,4,7,15.775,22,28
3917136,1951,1.789,4,7.25,16,22.5,28
3917136,1952,1.789,4,7.25,15.8,22,28
3917136,1953,1.789,4,7,15.5,22,28
3917136,1954,1.789,4,7.33333333333333,15.9,22,28
3917136,1955,1.789,4,7.25,15.8,22,28
3917136,1956,1.789,4,7,15.75,22,28
3917136,1957,1.789,4,7,15.6,22,28
3917136,1958,1.789,4,7,15,22,28
3917136,1959,1.789,4,7,15.6,22.5,28
3917136,1960,1.789,4,7.25,15.9,22.2125,28
3917136,1961,1.789,4,7.2,15.75,22,28
3917136,1962,1.789,4,7,15.6,22,28
3917136,1963,1.789,4,7.15,15.6333333333333,22,28
3917136,1964,1.789,4,7.15,15.6333333333333,22,28
3917136,1965,1.789,4,7.25,15.55,22,28
3917136,1966,1.789,4,7.15,15.5,22,28
3917136,1967,1.789,4,7.15,15.6,22,28
3917136,1968,1.789,4,7.2,15.8,22,28
3917136,1969,1.789,4,7.2,15.6666666666667,22,28
3917136,1970,1.789,4,7,15.5,22,28
3917136,1971,1.789,4,7.2,15.6666666666667,22,28
3917136,1972,1.789,4,7,15.6,22,28
3917136,1973,1.789,4,7,15.5,22.05,28
3917136,1974,1.789,4,7.2,16,22,28
3917136,1975,1.789,4,7.2,15.45,22,28
3917136,1976,1.789,4,7.2,15.6,22,28
3917136,1977,1.789,4,7.2375,15.75,22,28
3917136,1978,1.789,4,7.15,15.5,22,28
3917136,1979,1.789,4,7,15.5,22,28
3917136,1980,1.789,4,7.2,15.6,22,28
3917136,1981,1.789,4,7,15.75,22,28
3917136,1982,1.789,4,7.15,15.7083333333333,22,28
3917136,1983,1.789,4,7,15.45,22,28
3917136,1984,1.789,4,7,15.4,22,28
3917136,1985,1.789,4,7.2,15.8,22,28
3917136,1986,1.789,4,7.2,15.8,22,28
3917136,1987,1.789,4,7.2,15.7083333333333,22,28
3917136,1988,1.789,4,7.2,15.7083333333333,22,28
3917136,1989,1.789,4,7.15,16,22,28
3917136,1990,1.789,4,7.2,15.6,22,28
3917136,1991,1.789,4,7.2375,15.6,22,28
3917136,1992,1.789,4,7.3125,15.8,22,28
3917136,1993,1.789,4,7,15.55,22,28
3917136,1994,1.789,4,7.2,15.6,22,28
3917136,1995,1.789,4,7.15,15.6,22,28
3917136,1996,1.789,4,7,15,21.85,28
3917136,1997,1.789,4,7,15.6666666666667,22,28
3917136,1998,1.789,4,7,15.3333333333333,22,28
3917136,1999,1.789,4,7,15.775,22,28
3917136,2000,1.789,4,7.2,15.9,22.0625,28
3917136,2001,1.789,4,7.2,15.8,22,28
3917136,2002,1.789,4,7.25,16,22,28
3917136,2003,1.789,4,7.2,16,22,28
3917136,2004,1.789,4,7.2,16,22,28
3917136,2005,1.789,4,7.25,15.8,22,28
3917136,2006,1.789,4,7.33333333333333,15.8,22,28
3917136,2007,1.789,4,7,15.5,22,28
3917136,2008,1.789,4,7.2,16,22,28
3917136,2009,1.789,4,7.25,15.8,22,28
3917136,2010,1.789,4,7.2,15.75,22,28
3917136,2011,1.789,4,7.2,15.75,22,28
3917136,2012,1.789,4,7.2,15.55,22,28
3917136,2013,1.789,4,7,15.6,22,28
3917136,2014,1.789,4,7.25,15.8,22,28
3917136,2015,1.789,4,7.2375,15.8,22,28
3917138,1950,0.119,4,7.33333333333333,16.45,23,28
3917138,1951,0.119,4,7.33333333333333,16.4,23,28
3917138,1952,0.119,4,7.33333333333333,16.3666666666667,23,28
3917138,1953,0.119,4,7.3125,16.25,23,28
3917138,1954,0.119,4,7.33333333333333,16.2916666666667,23,28
3917138,1955,0.119,4,7.33333333333333,16.3333333333333,23,28
3917138,1956,0.119,4,7.25,16.25,23,28
3917138,1957,0.119,4,7.4,16.6,23,28
3917138,1958,0.119,4,7.33333333333333,16.3333333333333,23,28
3917138,1959,0.119,4,7.33333333333333,16.5,23,28
3917138,1960,0.119,4,7.33333333333333,16.4,23,28
3917138,1961,0.119,4,7.33333333333333,16.3333333333333,23,28
3917138,1962,0.119,4,7.33333333333333,16.5,23,28
3917138,1963,0.119,4,7.33333333333333,16.25,23,28
3917138,1964,0.119,4,7.33333333333333,16.45,23,28
3917138,1965,0.119,4,7.33333333333333,16,23,28
3917138,1966,0.119,4,7.33333333333333,16.25,23,28
3917138,1967,0.119,4,7.33333333333333,16.3333333333333,23,28
3917138,1968,0.119,4,7.33333333333333,16.25,23,28
3917138,1969,0.119,4,7.33333333333333,16.25,23,28
3917138,1970,0.119,4,7.33333333333333,16.25,23,28
3917138,1971,0.119,4,7.3125,16.25,23,28
3917138,1972,0.119,4,7.33333333333333,16.3333333333333,23,28
3917138,1973,0.119,4,7.33333333333333,16.4,23,28
3917138,1974,0.119,4,7.38333333333334,16.5,23,28
3917138,1975,0.119,4,7.33333333333333,16.3333333333333,23,28
3917138,1976,0.119,4,7.33333333333333,16.25,23,28
3917138,1977,0.119,4,7.33333333333333,16.45,23,28
3917138,1978,0.119,4,7.33333333333333,16.3333333333333,23,28
3917138,1979,0.119,4,7.33333333333333,16.3666666666667,23,28
3917138,1980,0.119,4,7.33333333333333,16.45,23,28
3917138,1981,0.119,4,7.33333333333333,16.4,23,28
3917138,1982,0.119,4,7.33333333333333,16.45,23,28
3917138,1983,0.119,4,7.33333333333333,16.25,23,28
3917138,1984,0.119,4,7.33333333333333,16.25,23,28
3917138,1985,0.119,4,7.33333333333333,16.3333333333333,23,28
3917138,1986,0.119,4,7.33333333333333,16.45,23,28
3917138,1987,0.119,4,7.3125,16.25,23,28
3917138,1988,0.119,4,7.25,16.25,23,28
3917138,1989,0.119,4,7.38333333333334,16.5,23,28
3917138,1990,0.119,4,7.33333333333333,16.5,23,28
3917138,1991,0.119,4,7.33333333333333,16.3666666666667,23,28
3917138,1992,0.119,4,7.33333333333333,16.3333333333333,23,28
3917138,1993,0.119,4,7.33333333333333,16.2916666666667,23,28
3917138,1994,0.119,4,7.3125,16.25,23,28
3917138,1995,0.119,4,7.33333333333333,16.2916666666667,23,28
3917138,1996,0.119,4,7.33333333333333,16.3333333333333,23,28
3917138,1997,0.119,4,7.33333333333333,16.3666666666667,23,28
3917138,1998,0.119,4,7.33333333333333,16.25,23,28
3917138,1999,0.119,4,7.38333333333334,16.5,23,28
3917138,2000,0.119,4,7.33333333333333,16.5,23,28
3917138,2001,0.119,4,7.33333333333333,16.3666666666667,23,28
3917138,2002,0.119,4,7.38333333333334,16.55,23,28
3917138,2003,0.119,4,7.38333333333334,16.5,23,28
3917138,2004,0.119,4,7.33333333333333,16.5,23,28
3917138,2005,0.119,4,7.33333333333333,16.25,23,28
3917138,2006,0.119,4,7.33333333333333,16.2916666666667,23,28
3917138,2007,0.119,4,7.33333333333333,16.2916666666667,23,28
3917138,2008,0.119,4,7.33333333333333,16.55,23,28
3917138,2009,0.119,4,7.3125,16.3333333333333,23,28
3917138,2010,0.119,4,7.33333333333333,16.3333333333333,23,28
3917138,2011,0.119,4,7.33333333333333,16.25,23,28
3917138,2012,0.119,4,7.33333333333333,16.25,23,28
3917138,2013,0.119,4,7.33333333333333,16.25,23,28
3917138,2014,0.119,4,7.38333333333334,16.5,23,28
3917138,2015,0.119,4,7.33333333333333,16.5,23,28
3917154,1950,9.164,3.4,6,12.3333333333333,21,28
3917154,1951,9.164,3.4,6,12,20,23
3917154,1952,9.164,3.25,6,11.6666666666667,20,23
3917154,1953,9.164,3.33333333333333,6,11.25,20,22.82
3917154,1954,9.164,3.25,6,12,20,23.2133333333334
3917154,1955,9.164,3.33333333333333,6,11.6,20,23
3917154,1956,9.164,3.4,6.33333333333333,12.5,20,25.6
3917154,1957,9.164,3,6,10.5,19.525,22.6666666666667
3917154,1958,9.164,3.33333333333333,6,11,20,23
3917154,1959,9.164,3.33333333333333,6,12,20,24
3917154,1960,9.164,4,7,14,21,28
3917154,1961,9.164,3.33333333333333,6,11.2916666666667,20,22.8
3917154,1962,9.164,3,5.5,10,18.6166666666667,22
3917154,1963,9.164,3.33333333333333,6,11.55,20,23
3917154,1964,9.164,3,6,11.5,20,23
3917154,1965,9.164,3.33333333333333,6,11.875,20,23
3917154,1966,9.164,3.25,6,10.7083333333333,19.525,22.5
3917154,1967,9.164,3.49,6.33333333333333,12.6666666666667,20,25.6
3917154,1968,9.164,3.2,6,11.2916666666667,19.8,23
3917154,1969,9.164,3.33333333333333,6,12,20,23.3333333333333
3917154,1970,9.164,3,5.8,10.5,19.425,22.5
3917154,1971,9.164,3.33333333333333,6,11.5,20,23
3917154,1972,9.164,3.25,6,11,20,23
3917154,1973,9.164,3,6,10.775,19.5,22.6666666666667
3917154,1974,9.164,3.33333333333333,6,12,20,23.3333333333333
3917154,1975,9.164,3,5.66666666666667,10,19.5,22.41
3917154,1976,9.164,3.25,6,11.3666666666667,20,22.6666666666667
3917154,1977,9.164,4,6.75,13.8,21,28
3917154,1978,9.164,3.4,6.33333333333333,12.3666666666667,20,24
3917154,1979,9.164,3,6,10.5,19,22
3917154,1980,9.164,3.2,6,11.5,20,23
3917154,1981,9.164,3,5.75,11,19.8,23
3917154,1982,9.164,3.2,6,11,19.8,22.755
3917154,1983,9.164,3.25,6,11.25,20,22.8
3917154,1984,9.164,3.25,6,10.5,19,21.6666666666667
3917154,1985,9.164,3.33333333333333,6,11.2916666666667,19.85,22.6066666666667
3917154,1986,9.164,3.795,6.33333333333333,12.8,20,28
3917154,1987,9.164,3.33333333333333,6,11.5,20,22.8
3917154,1988,9.164,3.66,6.25,12,20,23
3917154,1989,9.164,3.39333333333333,6,12.25,20,26.02
3917154,1990,9.164,3.25,6,11.5,20,23
3917154,1991,9.164,3.4,6,11.6,20,23
3917154,1992,9.164,3.98,6.5,13,20.3333333333333,28
3917154,1993,9.164,4,6.5,13.775,20.6666666666667,28
3917154,1994,9.164,3.25,6,11.2,19.6166666666667,22.6666666666667
3917154,1995,9.164,3.49,6.33333333333333,13.3333333333333,20.6666666666667,28
3917154,1996,9.164,3,5.66666666666667,10,19,22
3917154,1997,9.164,3.18,6,11,20,23
3917154,1998,9.164,3.25,6,11.3333333333333,20,23
3917154,1999,9.164,3.25,6,10.6333333333333,19.75,22.5
3917154,2000,9.164,3.5,6.38333333333333,12.55,20,28
3917154,2001,9.164,3.4,6,12,20,23.2133333333334
3917154,2002,9.164,3.75,6.5,13.3333333333333,20.4,28
3917154,2003,9.164,3.33333333333333,6,12,20,24
3917154,2004,9.164,3.25,6,12,20,24.5
3917154,2005,9.164,3.39333333333333,6,11.5,20,23
3917154,2006,9.164,3,6,11.45,20,23
3917154,2007,9.164,3.25,6,11.225,19.85,23
3917154,2008,9.164,4,6.4,13,20.3333333333333,28
3917154,2009,9.164,4,6.8,14,21,28
3917154,2010,9.164,4,6.8,14,21.05,28
3917154,2011,9.164,3.25,6,12,20,23
3917154,2012,9.164,3.245,6,11.3333333333333,20,23
3917154,2013,9.164,3.18,6,12,20,23
3917154,2014,9.164,3.795,6.33333333333333,13.45,21,28
3917154,2015,9.164,3.33333333333333,6,11.6,20,23
3917156,1950,3.18,4,7,15.2,22.5,28
3917156,1951,3.18,4,7,15.6,22.6666666666667,28
3917156,1952,3.18,4,7.2,15.8,22.3125,28
3917156,1953,3.18,4,7,15,22,28
3917156,1954,3.18,4,7.25,15.6,22.5,28
3917156,1955,3.18,4,7,15.75,22.5,28
3917156,1956,3.18,4,7.2,15.6666666666667,22,28
3917156,1957,3.18,4,7,15.4,22,28
3917156,1958,3.18,4,7,15,22,28
3917156,1959,3.18,4,7,15.4,22.6166666666667,28
3917156,1960,3.18,4,7.25,15.7083333333333,22.5,28
3917156,1961,3.18,4,7,15.4,22,28
3917156,1962,3.18,4,7,15.2,22.5,28
3917156,1963,3.18,4,7,15,22,28
3917156,1964,3.18,4,7,15,22,28
3917156,1965,3.18,4,7.25,15.7083333333333,22.05,28
3917156,1966,3.18,4,7.2,15.5,22.3125,28
3917156,1967,3.18,4,7.25,15.6666666666667,22.5,28
3917156,1968,3.18,4,7,15.3666666666667,22.05,28
3917156,1969,3.18,4,7,15.45,22.5,28
3917156,1970,3.18,4,7,15,22,28
3917156,1971,3.18,4,7.25,15.7083333333333,22,28
3917156,1972,3.18,4,7,15,22,28
3917156,1973,3.18,4,7,15,22,28
3917156,1974,3.18,4,7.2,16,22.6666666666667,28
3917156,1975,3.18,4,7,15,22,28
3917156,1976,3.18,4,7,15.2,22,28
3917156,1977,3.18,4,7,15.45,22,28
3917156,1978,3.18,4,7.3125,15.4,22,28
3917156,1979,3.18,4,7,15,22,28
3917156,1980,3.18,4,7,15.6,22.3125,28
3917156,1981,3.18,4,7,15,22,28
3917156,1982,3.18,4,7,15.7083333333333,22.5,28
3917156,1983,3.18,4,7,15,22,28
3917156,1984,3.18,4,7,15,22,28
3917156,1985,3.18,4,7,15.7083333333333,22.5,28
3917156,1986,3.18,4,7.2375,15.75,22.5,28
3917156,1987,3.18,4,7,15.3666666666667,22,28
3917156,1988,3.18,4,7.3125,15.5,22,28
3917156,1989,3.18,4,7.25,15.6333333333333,22.5,28
3917156,1990,3.18,4,7,15,22,28
3917156,1991,3.18,4,7.25,15.45,22,28
3917156,1992,3.18,4,7.25,15.6666666666667,22.5,28
3917156,1993,3.18,4,7.2,15.55,22.3125,28
3917156,1994,3.18,4,7,15,22,28
3917156,1995,3.18,4,7,15.5,22.2125,28
3917156,1996,3.18,4,7,14.6666666666667,21.8,28
3917156,1997,3.18,4,7,15,22,28
3917156,1998,3.18,4,7,15,22,28
3917156,1999,3.18,4,7,15.4,22,28
3917156,2000,3.18,4,7,15.6666666666667,22.3125,28
3917156,2001,3.18,4,7,15.5,22.5,28
3917156,2002,3.18,4,7.25,15.8,22.5,28
3917156,2003,3.18,4,7.2,15.8,22.5,28
3917156,2004,3.18,4,7,15.3333333333333,22.2125,28
3917156,2005,3.18,4,7,15.2916666666667,22,28
3917156,2006,3.18,4,7.15,15.5,22.5,28
3917156,2007,3.18,4,7,15.3666666666667,22,28
3917156,2008,3.18,4,7.25,16,22.525,28
3917156,2009,3.18,4,7.33333333333333,15.8,22.0625,28
3917156,2010,3.18,4,7.2375,15.6,22,28
3917156,2011,3.18,4,7.2,15.45,22.05,28
3917156,2012,3.18,4,7,15,22,28
3917156,2013,3.18,4,7,15.45,22,28
3917156,2014,3.18,4,7,15.6,22.525,28
3917156,2015,3.18,4,7.2375,15.75,22.5,28
3917158,1950,2.151,4,7.4,16,23,28
3917158,1951,2.151,4,7.4,16.25,23,28
3917158,1952,2.151,4,7.33333333333333,16,22.7625,28
3917158,1953,2.151,4,7.4,16,22.85,28
3917158,1954,2.151,4,7.4,16,22.85,28
3917158,1955,2.151,4,7.33333333333333,16,23,28
3917158,1956,2.151,4,7.25,16,23,28
3917158,1957,2.151,4,7.3125,16,23,28
3917158,1958,2.151,4,7.25,15.9,22.6666666666667,28
3917158,1959,2.151,4,7.2375,16,23,28
3917158,1960,2.151,4,7.4,16.25,23,28
3917158,1961,2.151,4,7.4,16,23,28
3917158,1962,2.151,4,7.4,16,23,28
3917158,1963,2.151,4,7.38333333333334,16,23,28
3917158,1964,2.151,4,7.33333333333333,16,23,28
3917158,1965,2.151,4,7.4,16,23,28
3917158,1966,2.151,4,7.33333333333333,16,23,28
3917158,1967,2.151,4,7.33333333333333,16,22.85,28
3917158,1968,2.151,4,7.475,16.25,23,28
3917158,1969,2.151,4,7.33333333333333,16,23,28
3917158,1970,2.151,4,7.33333333333333,16,22.85,28
3917158,1971,2.151,4,7.33333333333333,16,22.85,28
3917158,1972,2.151,4,7.33333333333333,16,23,28
3917158,1973,2.151,4,7.33333333333333,16,23,28
3917158,1974,2.151,4,7.25,16,23,28
3917158,1975,2.151,4,7.33333333333333,16,22.8,28
3917158,1976,2.151,4,7.25,16,23,28
3917158,1977,2.151,4,7.4,16,23,28
3917158,1978,2.151,4,7.33333333333333,16,22.8,28
3917158,1979,2.151,4,7.33333333333333,16,23,28
3917158,1980,2.151,4,7.4,16,23,28
3917158,1981,2.151,4,7.4,16,23,28
3917158,1982,2.151,4,7.38333333333334,16,22.8,28
3917158,1983,2.151,4,7.25,16,23,28
3917158,1984,2.151,4,7.33333333333333,16,23,28
3917158,1985,2.151,4,7.4,16,23,28
3917158,1986,2.151,4,7.33333333333333,16,23,28
3917158,1987,2.151,4,7.33333333333333,16,23,28
3917158,1988,2.151,4,7.38333333333334,16,22.6875,28
3917158,1989,2.151,4,7.3125,16.125,23,28
3917158,1990,2.151,4,7.33333333333333,16,23,28
3917158,1991,2.151,4,7.4,16,22.6875,28
3917158,1992,2.151,4,7.33333333333333,16,22.6875,28
3917158,1993,2.151,4,7.33333333333333,16,22.85,28
3917158,1994,2.151,4,7.4,16.25,23,28
3917158,1995,2.151,4,7.2,16,22.75,28
3917158,1996,2.151,4,7.3125,16,22.85,28
3917158,1997,2.151,4,7.3125,16,22.7625,28
3917158,1998,2.151,4,7.25,16,22.6666666666667,28
3917158,1999,2.151,4,7.2,16,23,28
3917158,2000,2.151,4,7.33333333333333,16,23,28
3917158,2001,2.151,4,7.33333333333333,16,22.85,28
3917158,2002,2.151,4,7.33333333333333,16.25,23,28
3917158,2003,2.151,4,7.38333333333334,16.25,23,28
3917158,2004,2.151,4,7.33333333333333,16,23,28
3917158,2005,2.151,4,7.4,16,22.7625,28
3917158,2006,2.151,4,7.4,16,23,28
3917158,2007,2.151,4,7.33333333333333,16,23,28
3917158,2008,2.151,4,7.33333333333333,16.25,23,28
3917158,2009,2.151,4,7.33333333333333,16,22.6666666666667,28
3917158,2010,2.151,4,7.4,16,22.8,28
3917158,2011,2.151,4,7.33333333333333,16,22.85,28
3917158,2012,2.151,4,7.4,16,22.85,28
3917158,2013,2.151,4,7.33333333333333,16,23,28
3917158,2014,2.151,4,7.4,16,23,28
3917158,2015,2.151,4,7.33333333333333,16,23,28
3917160,1950,5.33,4,7.2,15.5,22.8,28
3917160,1951,5.33,4,7.33333333333333,16,23,28
3917160,1952,5.33,4,7.2375,16,22.6666666666667,28
3917160,1953,5.33,4,7,15,22,28
3917160,1954,5.33,4,7.25,15.8,22.6666666666667,28
3917160,1955,5.33,4,7.25,16,22.7625,28
3917160,1956,5.33,4,7.25,16,22.6166666666667,28
3917160,1957,5.33,4,7,15.6,22.5,28
3917160,1958,5.33,4,7.2,15.6666666666667,22.5,28
3917160,1959,5.33,4,7,15.775,23,28
3917160,1960,5.33,4,7.33333333333333,16,22.6666666666667,28
3917160,1961,5.33,4,7.2,15.7083333333333,22.3125,28
3917160,1962,5.33,4,7.2,15.6333333333333,22.8,28
3917160,1963,5.33,4,7,15.6333333333333,22.5,28
3917160,1964,5.33,4,7,15.45,22.2,28
3917160,1965,5.33,4,7.3125,15.8,22.525,28
3917160,1966,5.33,4,7.25,15.8,22.6875,28
3917160,1967,5.33,4,7.25,15.9,22.525,28
3917160,1968,5.33,4,7.3125,16,22.7625,28
3917160,1969,5.33,4,7.25,15.8,22.525,28
3917160,1970,5.33,4,7,15,22,28
3917160,1971,5.33,4,7.33333333333333,16,22.6666666666667,28
3917160,1972,5.33,4,7,15.6666666666667,22.5,28
3917160,1973,5.33,4,7,15.6,22.6166666666667,28
3917160,1974,5.33,4,7.2,16,23,28
3917160,1975,5.33,4,7,15.45,22,28
3917160,1976,5.33,4,7.15,15.6,22.5,28
3917160,1977,5.33,4,7.2,15.5,22.5,28
3917160,1978,5.33,4,7.25,15.5,22.5,28
3917160,1979,5.33,4,7.25,15.5,22.5,28
3917160,1980,5.33,4,7.2,15.8,22.5,28
3917160,1981,5.33,4,7,15.5,22.5,28
3917160,1982,5.33,4,7.15,15.6666666666667,22.5,28
3917160,1983,5.33,4,7,15.5,22.5,28
3917160,1984,5.33,4,7,15.3333333333333,22,28
3917160,1985,5.33,4,7.2,16,22.6875,28
3917160,1986,5.33,4,7.25,15.75,22.5,28
3917160,1987,5.33,4,7.2,16,22.7625,28
3917160,1988,5.33,4,7.4,16,22.5,28
3917160,1989,5.33,4,7.25,15.8,22.5,28
3917160,1990,5.33,4,7.2,15.5,22.5,28
3917160,1991,5.33,4,7.25,15.6,22.5,28
3917160,1992,5.33,4,7.3125,15.75,22.5,28
3917160,1993,5.33,4,7.25,15.8,22.5,28
3917160,1994,5.33,4,7,15.5,22,28
3917160,1995,5.33,4,7.2,15.775,22.5,28
3917160,1996,5.33,4,7,15,22,28
3917160,1997,5.33,4,7,15.6,22.5,28
3917160,1998,5.33,4,7,15,22,28
3917160,1999,5.33,4,7,15.5,22.3125,28
3917160,2000,5.33,4,7,15.8,22.525,28
3917160,2001,5.33,4,7.2,15.55,22.6666666666667,28
3917160,2002,5.33,4,7.2375,16,22.6666666666667,28
3917160,2003,5.33,4,7.2,16,22.8,28
3917160,2004,5.33,4,7,15.4,22.5,28
3917160,2005,5.33,4,7,15.55,22.5,28
3917160,2006,5.33,4,7,15.5,22.5,28
3917160,2007,5.33,4,7,15.5,22.5,28
3917160,2008,5.33,4,7.25,16,22.75,28
3917160,2009,5.33,4,7.25,15.8,22.5,28
3917160,2010,5.33,4,7.25,15.5,22.5,28
3917160,2011,5.33,4,7,15.2916666666667,22,28
3917160,2012,5.33,4,7,15,22,28
3917160,2013,5.33,4,7,15.5,22,28
3917160,2014,5.33,4,7.2,15.6333333333333,22.6666666666667,28
3917160,2015,5.33,4,7.2,15.8,22.5,28
3917162,1950,85.562,2.66666666666667,4,7.66666666666667,14.6,20
3917162,1951,85.562,2.8,4.2,8,15.4,20.4
3917162,1952,85.562,3,4.8,8.8,17.6,21
3917162,1953,85.562,2.66666666666667,4,8,15,20.4
3917162,1954,85.562,2.8,4.2375,8,16,20.75
3917162,1955,85.562,3,4.5,8.1,16,20.25
3917162,1956,85.562,2.75,4.6,8.33333333333333,16,21
3917162,1957,85.562,2.5,4,7.33333333333333,14.2125,20.6
3917162,1958,85.562,3,4.5,8,16,21
3917162,1959,85.562,3,5,9,18.425,21.8
3917162,1960,85.562,3,4.8,8.5,16,20.25
3917162,1961,85.562,3,4.33333333333333,8,16,20
3917162,1962,85.562,2.98,4,8,15,20.2
3917162,1963,85.562,3,4.5,8,16,20.41
3917162,1964,85.562,2.75,4,8,16,21
3917162,1965,85.562,3,5,9,17.5,20.82
3917162,1966,85.562,2.8,4.33333333333333,8,16.2,21
3917162,1967,85.562,3,5,8.66666666666667,16,20.6666666666667
3917162,1968,85.562,2.98,4.33333333333333,8,16,21
3917162,1969,85.562,3,4.575,8.2,16,20.5
3917162,1970,85.562,2.5,4,7.5,15,20.4
3917162,1971,85.562,2.75,4.5,8,16,20.8
3917162,1972,85.562,3,4.5,8,16,21
3917162,1973,85.562,2.5,4,7.5,14.8,20.82
3917162,1974,85.562,3,4.66666666666667,8.5,17,20.755
3917162,1975,85.562,2.5,4,7.2,14.2125,20.5
3917162,1976,85.562,3,4.6,8,16,21
3917162,1977,85.562,3,4.8,8.5,16.5,20.34
3917162,1978,85.562,3,5,9.9,18,21
3917162,1979,85.562,2.8,4,7.33333333333333,14,20.5
3917162,1980,85.562,3,4.75,8,16,20.5
3917162,1981,85.562,2.795,4.2,8,15.5,20.25
3917162,1982,85.562,2.8,4.25,8,15.4,20.3333333333333
3917162,1983,85.562,2.66666666666667,4,7.2,15,20.34
3917162,1984,85.562,2.795,4,7.8,15,20.4
3917162,1985,85.562,3,4.6,8.2,16,20.8
3917162,1986,85.562,3,5,8.33333333333333,16.5,20.5
3917162,1987,85.562,3,5,9,17.6375,21
3917162,1988,85.562,3,5,9,17.5,21
3917162,1989,85.562,3,4.66666666666667,8.33333333333333,16,20.8
3917162,1990,85.562,3,4.75,8.25,16.6666666666667,21
3917162,1991,85.562,3,4.6,8,16,20.6666666666667
3917162,1992,85.562,3,5,8.5,16.05,20.5
3917162,1993,85.562,2.75,4.75,8.33333333333333,16.5,21
3917162,1994,85.562,3,4.5,8.25,17,21
3917162,1995,85.562,3,4.95,9,18,21
3917162,1996,85.562,2.5,4,7.25,15,20.82
3917162,1997,85.562,2.8,4,8,15.4,21
3917162,1998,85.562,3,4.38333333333333,8,15.5,20.5
3917162,1999,85.562,2.8,4.25,8,15.05,21
3917162,2000,85.562,3,4.5,8,16,21
3917162,2001,85.562,3,4.75,9,17,20.675
3917162,2002,85.562,3,5,9.25,18.5,21
3917162,2003,85.562,3,5,9,18,21
3917162,2004,85.562,2.8,4,8,15,20.675
3917162,2005,85.562,3,4.66666666666667,8.33333333333333,16.525,20.4
3917162,2006,85.562,2.8,4.66666666666667,8.75,17.2125,20.75
3917162,2007,85.562,2.75,4,7.9,15,20.675
3917162,2008,85.562,3,5,8.9,17,20.8
3917162,2009,85.562,2.75,5,8.9,17.3333333333333,20.8
3917162,2010,85.562,3,4.6,8.66666666666667,16,20.6
3917162,2011,85.562,2.8,4.75,8.66666666666667,17,20.6066666666667
3917162,2012,85.562,2.59,4,8,15.75,20.205
3917162,2013,85.562,3,4.6,8.1,17.6,21
3917162,2014,85.562,3,4.33333333333333,8,15.3333333333333,20.4
3917162,2015,85.562,3,4.66666666666667,8.4,16.6666666666667,20.4
3917164,1950,9.275,3.66,6.5,13.4,21,28
3917164,1951,9.275,3.6,6.33333333333333,12,20,23.3333333333333
3917164,1952,9.275,3.4,6.33333333333333,12.225,20,25.0333333333334
3917164,1953,9.275,3.6,6.2,12,20,23.7
3917164,1954,9.275,3.33333333333333,6.2,12.1,20,24
3917164,1955,9.275,4,7,14.6666666666667,22,28
3917164,1956,9.275,4,7,14,21,28
3917164,1957,9.275,3.4,6,11.6,20,23
3917164,1958,9.275,3.39333333333333,6,12,20,24
3917164,1959,9.275,3.33333333333333,6.2,12,20,26.25
3917164,1960,9.275,4,7,15,22,28
3917164,1961,9.275,3.5,6,11.6,20,23
3917164,1962,9.275,3.39333333333333,6,11.3333333333333,19.8,23
3917164,1963,9.275,3.5,6.33333333333333,12,20,23.02
3917164,1964,9.275,3.25,6,12,20,25.0333333333334
3917164,1965,9.275,3.6,6.33333333333333,12.25,20,24
3917164,1966,9.275,4,6.75,14,21,28
3917164,1967,9.275,4,7,14,21,28
3917164,1968,9.275,4,7,14,21.5416666666667,28
3917164,1969,9.275,4,7,15.225,22,28
3917164,1970,9.275,3.25,6,11.6,20,23
3917164,1971,9.275,3.66666666666667,6.3125,12,20,23
3917164,1972,9.275,3.5,6.25,12,20,25.3333333333333
3917164,1973,9.275,3.5,6,12,20,24.82
3917164,1974,9.275,3.5,6.33333333333333,13,20,26
3917164,1975,9.275,4,6.5,13,20.5,28
3917164,1976,9.275,3.5,6.33333333333333,12,20,24.5
3917164,1977,9.275,4,7,14,21.35,28
3917164,1978,9.275,3.8,6.75,13.2916666666667,20.05,27
3917164,1979,9.275,3.5,6,12,20,24.68
3917164,1980,9.275,3.5,6.33333333333333,12.6666666666667,20,25.0333333333334
3917164,1981,9.275,3.66,6.38333333333333,13,20.4,28
3917164,1982,9.275,3.33333333333333,6,12,20,23.3333333333333
3917164,1983,9.275,3.5,6,11.5,20,23
3917164,1984,9.275,3.5,6,11.5,20,23
3917164,1985,9.275,3.74166666666667,6.33333333333333,12.55,20,25
3917164,1986,9.275,4,7.2,15,22,28
3917164,1987,9.275,3.4,6.2,12,20,24
3917164,1988,9.275,4,7.15,15,21.85,28
3917164,1989,9.275,4,7.2,15.2,22.5,28
3917164,1990,9.275,4,6.5,13.2,20.6666666666667,28
3917164,1991,9.275,4,6.75,13.3666666666667,20.5,28
3917164,1992,9.275,4,7,15,22,28
3917164,1993,9.275,4,7.2,15.5,22.5,28
3917164,1994,9.275,3.66,6.3125,12,20,24.82
3917164,1995,9.275,4,7,15.1,22,28
3917164,1996,9.275,3.2,6,11.225,20,23
3917164,1997,9.275,3.4,6,12,20,23.3333333333333
3917164,1998,9.275,3.5,6,12,20,24.82
3917164,1999,9.275,3.33333333333333,6,12,20,23.3333333333333
3917164,2000,9.275,4,7,15,22,28
3917164,2001,9.275,3.75,6.4,13,20,28
3917164,2002,9.275,4,7,15.5,22,28
3917164,2003,9.275,4,7,14.9,22,28
3917164,2004,9.275,3.98,7,14.3666666666667,21.6666666666667,28
3917164,2005,9.275,4,6.5,13,20.5,28
3917164,2006,9.275,3.39333333333333,6.2,12,20,24
3917164,2007,9.275,3.5,6.25,12,20,25.615
3917164,2008,9.275,4,7,15,22,28
3917164,2009,9.275,4,7,15,22,28
3917164,2010,9.275,4,7,15,22,28
3917164,2011,9.275,3.5,6.33333333333333,12.6666666666667,20,26.22
3917164,2012,9.275,4,7,14,21.3333333333333,28
3917164,2013,9.275,3.4,6.15,12,20,24
3917164,2014,9.275,4,7,15,22,28
3917164,2015,9.275,3.5,6.33333333333333,12.3333333333333,20,24
3917172,1950,8.114,3.5,6.33333333333333,13,21,28
3917172,1951,8.114,3.6,6.2375,12,20,23
3917172,1952,8.114,3.49,6.3125,12.3333333333333,20,25.0333333333334
3917172,1953,8.114,3.8,6.2,12,20,23.7
3917172,1954,8.114,3.4,6,12.225,20,24
3917172,1955,8.114,4,7,14,21.3333333333333,28
3917172,1956,8.114,4,6.75,14,20.7625,28
3917172,1957,8.114,3.5,6,11.6,20,23
3917172,1958,8.114,3.33333333333333,6,12,20,23.3333333333333
3917172,1959,8.114,3.5,6,12,20,26
3917172,1960,8.114,4,7,15,21.6666666666667,28
3917172,1961,8.114,3.5,6,11.5,20,23
3917172,1962,8.114,3,5.7875,10.4,19,22.75
3917172,1963,8.114,3.5,6.15,12,20,23
3917172,1964,8.114,3.4,6.2,12.7083333333333,20.3333333333333,28
3917172,1965,8.114,3.59,6.25,12,20,23
3917172,1966,8.114,4,6.5,13.6,21,28
3917172,1967,8.114,4,7,15,22,28
3917172,1968,8.114,3.66,6.33333333333333,12.75,20,28
3917172,1969,8.114,3.74166666666667,6.5,13.5,20.6666666666667,28
3917172,1970,8.114,3.33333333333333,6,12,20,23
3917172,1971,8.114,3.6,6,12,20,23
3917172,1972,8.114,3.5,6.25,12,20,25.51
3917172,1973,8.114,3.49,6,12,20,23.35
3917172,1974,8.114,3.5,6.33333333333333,12.9,20,25.5
3917172,1975,8.114,3.6,6.25,12.5,20.2708333333333,28
3917172,1976,8.114,3.49,6,12,20,23.35
3917172,1977,8.114,4,7,14,21,28
3917172,1978,8.114,3.795,6.5,13,20,26.02
3917172,1979,8.114,3.6,6.25,12.45,20,28
3917172,1980,8.114,3.33333333333333,6,12,20,23.6066666666667
3917172,1981,8.114,3.5,6.25,12.5,20,28
3917172,1982,8.114,3.33333333333333,6,11.5,20,23
3917172,1983,8.114,3.5,6,11.5,20,23
3917172,1984,8.114,3.5,6,11.5,20,22.6666666666667
3917172,1985,8.114,3.6,6.33333333333333,12.25,20,24
3917172,1986,8.114,4,7,14.6666666666667,21.3333333333333,28
3917172,1987,8.114,3.33333333333333,6,12,20,23.3333333333333
3917172,1988,8.114,4,7,14.55,21,28
3917172,1989,8.114,4,7,15,22,28
3917172,1990,8.114,3.98,6.33333333333333,13,20.4,28
3917172,1991,8.114,4,6.6,13.1,20.3333333333333,28
3917172,1992,8.114,4,7,14.775,22,28
3917172,1993,8.114,4,7,15.1,22,28
3917172,1994,8.114,3.66666666666667,6.33333333333333,13,20,28
3917172,1995,8.114,4,7,15,22,28
3917172,1996,8.114,3.18,6,10.9,20,22.82
3917172,1997,8.114,3.33333333333333,6,11.875,20,23
3917172,1998,8.114,3.8,6.33333333333333,12.7083333333333,20.3333333333333,28
3917172,1999,8.114,3.33333333333333,6,11.6666666666667,20,23
3917172,2000,8.114,4,7,14.775,21.3333333333333,28
3917172,2001,8.114,4,6.72916666666667,14,21,28
3917172,2002,8.114,4,7,15,22,28
3917172,2003,8.114,4,6.6,14,21.2,28
3917172,2004,8.114,4,6.75,14,21.3333333333333,28
3917172,2005,8.114,4,6.475,12.6333333333333,20.25,28
3917172,2006,8.114,3.5,6,12,20,24.02
3917172,2007,8.114,3.5,6.33333333333333,12,20,25.0333333333334
3917172,2008,8.114,4,7,15,21.85,28
3917172,2009,8.114,4,7,14.8,21.6875,28
3917172,2010,8.114,4,7,14.55,21.6666666666667,28
3917172,2011,8.114,3.5,6.5,13,20.25,28
3917172,2012,8.114,4,6.5,13.8,21,28
3917172,2013,8.114,3.33333333333333,6,12,20,23.5
3917172,2014,8.114,4,6.65,14,21,28
3917172,2015,8.114,3.5,6,12,20,23
3917176,1950,122.455,2.59,4,7,13.05,20
3917176,1951,122.455,2.66666666666667,4,7,13.5,20
3917176,1952,122.455,3,4.4,8,16,20.4
3917176,1953,122.455,2.5,4,7,13.3333333333333,20
3917176,1954,122.455,2.66666666666667,4,7.5,15.2125,20.4
3917176,1955,122.455,2.75,4,7.5,14.5,20
3917176,1956,122.455,2.75,4.25,8,15.5,20.675
3917176,1957,122.455,2.25,3.8,7,12.85,20
3917176,1958,122.455,2.66666666666667,4,7.6,15,20.205
3917176,1959,122.455,3,4.5,8,17.8,21
3917176,1960,122.455,3,4.33333333333333,8,16,20
3917176,1961,122.455,3,4,7.2,14.2,20
3917176,1962,122.455,2.66666666666667,4,7,12.25,20
3917176,1963,122.455,2.66666666666667,4,7,13.5,20
3917176,1964,122.455,2.5,4,7,15,20
3917176,1965,122.455,2.75,4.33333333333333,8,16,20.5
3917176,1966,122.455,2.66666666666667,4,7.5,15.5,20.34
3917176,1967,122.455,3,4.33333333333333,8,15.4,20.4
3917176,1968,122.455,2.66666666666667,4,7.775,15,20.25
3917176,1969,122.455,2.8,4,8,15,20
3917176,1970,122.455,2.33333333333333,3.5,6.5,13,20
3917176,1971,122.455,2.5,4,7.25,14,20.205
3917176,1972,122.455,2.8,4,7.8,14.6666666666667,20.25
3917176,1973,122.455,2.5,3.75,6.63333333333333,12.6,20
3917176,1974,122.455,2.75,4,8,16,20.2
3917176,1975,122.455,2.2,3.5,6.5,12.2,20
3917176,1976,122.455,3,4.4,8,15.5,20.4
3917176,1977,122.455,3,4.4,8,16,20
3917176,1978,122.455,3,5,9.25,18,20.75
3917176,1979,122.455,2.5,4,7,12.25,20
3917176,1980,122.455,3,4.15,8,15,20
3917176,1981,122.455,2.5,3.575,6.66666666666667,12.6,20
3917176,1982,122.455,2.66666666666667,4,7.4,14.05,20
3917176,1983,122.455,2.18,3.6,6.8,13.4,20
3917176,1984,122.455,2.4,3.5,6.75,12.6666666666667,20
3917176,1985,122.455,2.8,4,7.4,14.05,20.41
3917176,1986,122.455,3,4.4,8,15.5,20
3917176,1987,122.455,3,4.2,8,15.5,20.4
3917176,1988,122.455,3,4.5,8.2,16,20.205
3917176,1989,122.455,2.98,4.33333333333333,8,15,20.5
3917176,1990,122.455,2.98,4,7.775,14.525,20.2
3917176,1991,122.455,2.8,4,7.45,15,20.2
3917176,1992,122.455,2.8,4,7.75,14.525,20
3917176,1993,122.455,2.75,4.25,8,15,20.25
3917176,1994,122.455,3,4.33333333333333,7.8,15.6666666666667,20.6066666666667
3917176,1995,122.455,2.66666666666667,4.2,8,16.8,20
3917176,1996,122.455,2.33333333333333,3.75,6.4,12,20
3917176,1997,122.455,2.5,4,7,14,20.5
3917176,1998,122.455,2.5,4,7,13,20
3917176,1999,122.455,2.59,4,7,13,20.2583333333333
3917176,2000,122.455,2.8,4,7.33333333333333,14,20.4
3917176,2001,122.455,2.66666666666667,4,7.5,15.25,20.2583333333333
3917176,2002,122.455,2.75,4.4,8.33333333333333,17,20.34
3917176,2003,122.455,2.74166666666667,4,8,17,20.6666666666667
3917176,2004,122.455,2.8,3.8,7,13.35,20.25
3917176,2005,122.455,3,4,7.66666666666667,15.25,20
3917176,2006,122.455,2.66666666666667,4,8,15,20.25
3917176,2007,122.455,2.66666666666667,4,7,13.5,20.25
3917176,2008,122.455,3,4.4,8,16,20
3917176,2009,122.455,2.8,4.4,8,16.5,20.205
3917176,2010,122.455,2.75,4,8,15,20
3917176,2011,122.455,2.795,4.33333333333333,8,15.3333333333333,20.2
3917176,2012,122.455,2.59,4,7,13.5,20
3917176,2013,122.455,2.75,4.3125,8,16,20.5
3917176,2014,122.455,2.75,4,7.25,14,20
3917176,2015,122.455,3,4,8,15,20
3917178,1950,109.585,2.66666666666667,4,7.2,14,20
3917178,1951,109.585,2.8,4,7.63333333333333,14.25,20.25
3917178,1952,109.585,3,4.66666666666667,8.33333333333333,16.8,20.6
3917178,1953,109.585,2.6,4,7,14,20.25
3917178,1954,109.585,2.795,4,8,16,20.755
3917178,1955,109.585,3,4.3125,8,15.5416666666667,20
3917178,1956,109.585,2.75,4.5,8.2,16,21
3917178,1957,109.585,2.5,4,7,13.7625,20.4
3917178,1958,109.585,2.75,4,8,15.8,21
3917178,1959,109.585,3,4.66666666666667,8,18,21.2583333333333
3917178,1960,109.585,3,4.5,8,16,20
3917178,1961,109.585,3,4,8,15,20
3917178,1962,109.585,2.75,4,7,13.4,20
3917178,1963,109.585,2.8,4,7.33333333333333,14,20
3917178,1964,109.585,2.66666666666667,4,7.4,15.5,20.4
3917178,1965,109.585,2.98,4.5,8.5,16.85,20.6666666666667
3917178,1966,109.585,2.75,4,8,16,20.675
3917178,1967,109.585,3,4.5,8,15.5625,20.6066666666667
3917178,1968,109.585,2.66666666666667,4,8,15.2708333333333,21
3917178,1969,109.585,3,4.33333333333333,8,15.25,20
3917178,1970,109.585,2.5,3.8,7,14,20.4
3917178,1971,109.585,2.66,4.2,8,15,20.5
3917178,1972,109.585,3,4.33333333333333,8,15,21
3917178,1973,109.585,2.5,4,7,14,20.25
3917178,1974,109.585,3,4.33333333333333,8,16,20.4
3917178,1975,109.585,2.33333333333333,3.75,7,13.3333333333333,20
3917178,1976,109.585,3,4.6,8,16,21
3917178,1977,109.585,3,4.75,8.2,16,20
3917178,1978,109.585,3,5,9.5,18,21
3917178,1979,109.585,2.5,4,7,13.0625,20.2
3917178,1980,109.585,3,4.5,8,16,20.3333333333333
3917178,1981,109.585,2.75,4,7,14,20
3917178,1982,109.585,2.74166666666667,4,8,15,20.2
3917178,1983,109.585,2.5,4,7,14.05,20.25
3917178,1984,109.585,2.5,4,7,13.6,20.25
3917178,1985,109.585,3,4,8,15,21
3917178,1986,109.585,3,4.6,8,16,20
3917178,1987,109.585,3,4.4,8,16,21
3917178,1988,109.585,3,4.8,9,17.5,20.6
3917178,1989,109.585,3,4.6,8,15.6666666666667,20.6066666666667
3917178,1990,109.585,3,4.38333333333333,8,15.3333333333333,20.6666666666667
3917178,1991,109.585,2.75,4.25,8,15.5,20.41
3917178,1992,109.585,3,4.33333333333333,8,15,20.205
3917178,1993,109.585,2.8,4.5,8,15.8,20.5
3917178,1994,109.585,3,4.4,8,16,21
3917178,1995,109.585,3,4.66666666666667,8.5,17.2125,20.4
3917178,1996,109.585,2.33333333333333,4,7,13.6,20.4
3917178,1997,109.585,2.66666666666667,4,7.33333333333333,14.35,21
3917178,1998,109.585,2.66666666666667,4,7.25,14,20.205
3917178,1999,109.585,2.66,4,7.29166666666667,14.5,21
3917178,2000,109.585,2.8,4,8,15,21
3917178,2001,109.585,2.8,4.33333333333333,8,16,20.6
3917178,2002,109.585,3,4.75,9,18,20.82
3917178,2003,109.585,3,4.6,8.5,17.5,20.8
3917178,2004,109.585,3,4,7,14,20.6
3917178,2005,109.585,3,4.33333333333333,8,16,20
3917178,2006,109.585,2.66666666666667,4.25,8,15.75,20.41
3917178,2007,109.585,2.75,4,7.4,14.5,20.675
3917178,2008,109.585,3,4.66666666666667,8.225,16.6666666666667,20.4
3917178,2009,109.585,3,4.8,8.5,17,20.5
3917178,2010,109.585,2.8,4.33333333333333,8,16,20.4
3917178,2011,109.585,3,4.575,8.2,16,20.5
3917178,2012,109.585,2.6,4,7.33333333333333,15,20.2
3917178,2013,109.585,2.75,4.5,8,16.425,21
3917178,2014,109.585,3,4,7.66666666666667,14.5,20.25
3917178,2015,109.585,3,4.38333333333333,8,16,20.02
3917194,1950,19.2,3,5.33333333333333,9.4,17.8,21
3917194,1951,19.2,3,5.66666666666667,10,19,22.41
3917194,1952,19.2,3,5.8,10.5,19.6666666666667,22.8
3917194,1953,19.2,3,5.575,10,19,21.675
3917194,1954,19.2,3,5.66666666666667,10,19,22
3917194,1955,19.2,3,5.6,9.73333333333333,19,21.675
3917194,1956,19.2,3,6,11,19.7625,23
3917194,1957,19.2,3,5.33333333333333,9.5,18.2125,21.5
3917194,1958,19.2,3,5.72916666666667,10,19,22
3917194,1959,19.2,3.25,6,10,19.5,23
3917194,1960,19.2,3.2,5.75,10,19,22
3917194,1961,19.2,3,5.33333333333333,10,19,22
3917194,1962,19.2,3,5,9,17,21
3917194,1963,19.2,3,5.66666666666667,10,19,22
3917194,1964,19.2,3,5.66666666666667,10,19,22
3917194,1965,19.2,3.2,6,11,19.6666666666667,22.75
3917194,1966,19.2,3,5.5,9.66666666666667,18.8,21.5
3917194,1967,19.2,3.25,6,10.8,19.6166666666667,22.675
3917194,1968,19.2,3,5.7875,10,19,22
3917194,1969,19.2,3,5.75,10,19,22.205
3917194,1970,19.2,3,5.2375,9.55,19,21.4
3917194,1971,19.2,3,6,10.3333333333333,19.3333333333333,22.6666666666667
3917194,1972,19.2,3,5.66666666666667,10,19,22
3917194,1973,19.2,3,5,9.5,18,21
3917194,1974,19.2,3.2,5.8,10,19.6666666666667,22.5
3917194,1975,19.2,3,5.5,9.66666666666667,18.8,21
3917194,1976,19.2,3,5.95,10,19,22
3917194,1977,19.2,3.245,6,10.45,19,22
3917194,1978,19.2,3.33333333333333,6,12,20,23
3917194,1979,19.2,3,5.5,9.36666666666667,17.5,21
3917194,1980,19.2,3.2,5.75,10,19,22
3917194,1981,19.2,3,5,9.5,18.5,22
3917194,1982,19.2,3,5.2,9.66666666666667,19,22
3917194,1983,19.2,3,5.33333333333333,9.5,18.75,21.2
3917194,1984,19.2,3,5.5,9.5,18.5,21
3917194,1985,19.2,3.2,6,10.5,19,22
3917194,1986,19.2,3.325,6,11.225,20,23
3917194,1987,19.2,3.33333333333333,6,10.3333333333333,19,22.51
3917194,1988,19.2,3.325,6,10.7083333333333,19.8,22.8
3917194,1989,19.2,3,6,11.3333333333333,20,23
3917194,1990,19.2,3.2,6,10.25,19,22
3917194,1991,19.2,3.2,6,10,19,21.6666666666667
3917194,1992,19.2,3.2,6,10.55,19.2125,22.275
3917194,1993,19.2,3,5.8,10.75,20,23
3917194,1994,19.2,3.25,6,10.225,19,22
3917194,1995,19.2,3,5.5,10.5,20,23
3917194,1996,19.2,3,5.33333333333333,9.4,18.525,21.2
3917194,1997,19.2,3,5.75,10,19,22
3917194,1998,19.2,3,5.66666666666667,10,19,22
3917194,1999,19.2,3,5.75,10,19,22
3917194,2000,19.2,3.245,6,10.3666666666667,19.2708333333333,22
3917194,2001,19.2,3.18,6,10.4,19.35,22.5
3917194,2002,19.2,3.25,6,12,20,23
3917194,2003,19.2,3.325,6,11.1,20,23
3917194,2004,19.2,3,5.5,10,19,22
3917194,2005,19.2,3.2,6,10.55,19.6875,22.5166666666667
3917194,2006,19.2,3,6,10.55,19.75,23
3917194,2007,19.2,3.245,6,10.55,19.3333333333333,22.5
3917194,2008,19.2,3.4,6,11.7083333333333,20,23
3917194,2009,19.2,3.5,6.15,12,20,23
3917194,2010,19.2,3.39333333333333,6,11.7083333333333,20,23.3333333333333
3917194,2011,19.2,3.33333333333333,6,11.5,20,23
3917194,2012,19.2,3,5.66666666666667,10,19.2,22
3917194,2013,19.2,3.2,6,10.775,19.8,22.675
3917194,2014,19.2,3,6,10.75,19.3333333333333,23
3917194,2015,19.2,3.25,6,10.55,19.6166666666667,22.75
3917198,1950,155.147,2.5,3.75,6.5,12,20
3917198,1951,155.147,2.6,3.66666666666667,6.5,12,20
3917198,1952,155.147,2.75,4,8,15.4,20.25
3917198,1953,155.147,2.5,3.6,6.6,12.3333333333333,20
3917198,1954,155.147,2.6,4,7,14.25,20.25
3917198,1955,155.147,2.6,4,7,13.6,20
3917198,1956,155.147,2.75,4,8,15,20.4
3917198,1957,155.147,2,3.5,6.25,11.5,20
3917198,1958,155.147,2.33333333333333,4,7,13.5,20
3917198,1959,155.147,3,4.475,8,17.5,21
3917198,1960,155.147,2.98,4,8,15.0625,20
3917198,1961,155.147,2.6,3.7875,6.5,12.5,20
3917198,1962,155.147,2.5,3.66666666666667,6.25,10.75,19.34
3917198,1963,155.147,2.5,3.66666666666667,6.8,12.3333333333333,20
3917198,1964,155.147,2.59,3.66666666666667,6.9,13.7625,20
3917198,1965,155.147,2.75,4,8,16,20.4
3917198,1966,155.147,2.66666666666667,4,7,14.3333333333333,20
3917198,1967,155.147,3,4,8,15,20.34
3917198,1968,155.147,2.66666666666667,4,7,14,20.2
3917198,1969,155.147,2.66666666666667,4,7.6,14.5,20
3917198,1970,155.147,2.4,3.33333333333333,6.2,12,19.8
3917198,1971,155.147,2,3.75,7,13,20
3917198,1972,155.147,2.6,4,7,13.85,20.2583333333333
3917198,1973,155.147,2.5,3.33333333333333,6,11.25,19.41
3917198,1974,155.147,2.795,4,7.33333333333333,15,20.25
3917198,1975,155.147,2,3.25,6.25,11,20
3917198,1976,155.147,2.795,4,7.5,15,20.205
3917198,1977,155.147,3,4.25,8,15.5,20
3917198,1978,155.147,3,5,9,17.5,20.5
3917198,1979,155.147,2.5,3.66666666666667,6.4,11.525,20
3917198,1980,155.147,3,4,7,14.425,20
3917198,1981,155.147,2.5,3.5,6,11,19.755
3917198,1982,155.147,2.5,3.75,7,13.5,20
3917198,1983,155.147,2,3,6,10,19
3917198,1984,155.147,2.4,3.5,6.25,11.6166666666667,20
3917198,1985,155.147,2.74166666666667,4,7,13.85,20.4
3917198,1986,155.147,3,4,7.8,15,20
3917198,1987,155.147,2.66666666666667,4,7.2,15,20.4
3917198,1988,155.147,3,4.33333333333333,8,16,20
3917198,1989,155.147,2.8,4,8,14.525,20.5
3917198,1990,155.147,2.795,4,7.25,13.6,20
3917198,1991,155.147,2.75,4,7.2,14.525,20.2
3917198,1992,155.147,2.66666666666667,4,7.2,13.3333333333333,20
3917198,1993,155.147,2.66666666666667,4,7.9,14.6666666666667,20
3917198,1994,155.147,2.8,4,7,14.6,20.25
3917198,1995,155.147,2.39333333333333,4,7.775,15.8,20
3917198,1996,155.147,2,3.2,6,10,19
3917198,1997,155.147,2.4,4,7,13,20.3333333333333
3917198,1998,155.147,2.4,3.5,6.4,11.5,20
3917198,1999,155.147,2.5,4,6.5,12,20.3333333333333
3917198,2000,155.147,2.795,4,7,13.5,21
3917198,2001,155.147,2.6,4,7,14.4,20.2
3917198,2002,155.147,2.75,4,8,16,20.2
3917198,2003,155.147,2.66666666666667,4,7.5,16,20.5
3917198,2004,155.147,2.66666666666667,3.6,6.55,12.2125,20.2
3917198,2005,155.147,2.75,4,7.25,14.2,20
3917198,2006,155.147,2.5,4,7,13,20
3917198,2007,155.147,2.5,3.75,7,12.6875,20.25
3917198,2008,155.147,2.66666666666667,4.2,8,15.425,20
3917198,2009,155.147,2.75,4,7.70833333333333,15,20.02
3917198,2010,155.147,2.66666666666667,4,8,15,20
3917198,2011,155.147,2.66666666666667,4,7.66666666666667,14.5,20.25
3917198,2012,155.147,2.5,3.5,6.5,12,20
3917198,2013,155.147,3,4,7.8,15.5,20.4
3917198,2014,155.147,2.66666666666667,3.95,7,12.6,20
3917198,2015,155.147,3,4,7.5,14,20
3917200,1950,165.915,2.5,3.72916666666667,6.4,11.6666666666667,19.8
3917200,1951,165.915,2.5,3.5,6.5,11.7625,20
3917200,1952,165.915,2.66666666666667,4,7.5,14.85,20
3917200,1953,165.915,2.33333333333333,3.5,6.4,11.6166666666667,20
3917200,1954,165.915,2.66666666666667,4,7,14,20.2
3917200,1955,165.915,2.6,3.75,7,13,20
3917200,1956,165.915,2.74166666666667,4,7.8,15,20.25
3917200,1957,165.915,2,3.33333333333333,6,11,20
3917200,1958,165.915,2,3.75,6.75,12,20
3917200,1959,165.915,3,4.4,8,17,21
3917200,1960,165.915,2.98,4,7.75,14.85,20
3917200,1961,165.915,2.6,3.66666666666667,6.25,12,20
3917200,1962,165.915,2.5,3.5,6,10,19
3917200,1963,165.915,2.4,3.6,6.5,12,20
3917200,1964,165.915,2.5,3.75,6.70833333333333,13,20
3917200,1965,165.915,2.66666666666667,4,8,15.85,20.25
3917200,1966,165.915,2.59,4,7,14,20
3917200,1967,165.915,3,4,8,14.6666666666667,20.25
3917200,1968,165.915,2.6,4,7,13,20
3917200,1969,165.915,2.66666666666667,4,7.36666666666667,14,20
3917200,1970,165.915,2.5,3.33333333333333,6,11.2,19.5166666666667
3917200,1971,165.915,2,3.6,6.5,12,20
3917200,1972,165.915,2.6,4,7,13,20.25
3917200,1973,165.915,2.4,3.3125,6,10.6875,19
3917200,1974,165.915,2.795,4,7,14.2708333333333,20.02
3917200,1975,165.915,2,3,6,10.4,19.51
3917200,1976,165.915,2.75,4,7.4,14.4,20
3917200,1977,165.915,3,4.2,8,15.4,20
3917200,1978,165.915,3,5,9,17,20.5
3917200,1979,165.915,2.5,3.575,6,11,20
3917200,1980,165.915,3,4,7,14,20
3917200,1981,165.915,2.5,3.38333333333333,6,10.35,19.0333333333334
3917200,1982,165.915,2.33333333333333,3.66666666666667,7,13,20
3917200,1983,165.915,2,3,6,10,19
3917200,1984,165.915,2.18,3.33333333333333,6,11,19.82
3917200,1985,165.915,2.75,4,7,13.2708333333333,20.34
3917200,1986,165.915,3,4,7.5,14.3333333333333,20
3917200,1987,165.915,2.6,4,7,14.8,20.4
3917200,1988,165.915,2.8,4.25,8,16,20
3917200,1989,165.915,2.75,4,7.66666666666667,14,20.4
3917200,1990,165.915,2.75,4,7,13,20
3917200,1991,165.915,2.75,4,7,14,20
3917200,1992,165.915,2.75,4,7,13,20
3917200,1993,165.915,2.66,4,7.45,14,20
3917200,1994,165.915,2.795,4,7,14,20.205
3917200,1995,165.915,2.33333333333333,4,7.5,14.6666666666667,20
3917200,1996,165.915,2,3,5.8,10,18.3333333333333
3917200,1997,165.915,2,3.75,6.5,12,20.25
3917200,1998,165.915,2,3.33333333333333,6,10.6,20
3917200,1999,165.915,2.5,3.8,6.33333333333333,11.6875,20.25
3917200,2000,165.915,2.66666666666667,4,7,13,20.6066666666667
3917200,2001,165.915,2.66,4,7,14,20
3917200,2002,165.915,2.75,4,8,16,20
3917200,2003,165.915,2.66666666666667,4,7.25,15.425,20.4
3917200,2004,165.915,2.66666666666667,3.575,6.4,12,20
3917200,2005,165.915,2.75,4,7,13.6,20
3917200,2006,165.915,2.5,4,7,12.8,20
3917200,2007,165.915,2.5,3.5,6.66666666666667,12,20.2
3917200,2008,165.915,3,4.2,7.775,15,20
3917200,2009,165.915,2.74166666666667,4,7.29166666666667,14.5,20
3917200,2010,165.915,2.75,4,7.75,14.5,20
3917200,2011,165.915,2.74166666666667,4,7.55,14.2125,20.25
3917200,2012,165.915,2.5,3.5,6.5,12,20
3917200,2013,165.915,2.795,4,7.5,15,20.3333333333333
3917200,2014,165.915,2.66666666666667,3.75,6.8,12,20
3917200,2015,165.915,3,4,7.1,14,20
3917230,1950,2.815,4,7.4,16,23,28
3917230,1951,2.815,4.2,7.4,16.25,23,28
3917230,1952,2.815,4,7.33333333333333,16,22.7625,28
3917230,1953,2.815,4,7.4,16,23,28
3917230,1954,2.815,4,7.38333333333334,16,22.8,28
3917230,1955,2.815,4,7.4,16.3666666666667,23,28
3917230,1956,2.815,4,7.33333333333333,16,23,28
3917230,1957,2.815,4,7.33333333333333,16.25,23,28
3917230,1958,2.815,4,7.33333333333333,16,22.6666666666667,28
3917230,1959,2.815,4,7.33333333333333,16,23,28
3917230,1960,2.815,4,7.4,16.3666666666667,23,28
3917230,1961,2.815,4,7.4,16.125,23,28
3917230,1962,2.815,4,7.475,16,23,28
3917230,1963,2.815,4,7.4,16,23,28
3917230,1964,2.815,4,7.33333333333333,16,23,28
3917230,1965,2.815,4,7.4,16,23,28
3917230,1966,2.815,4,7.4,16,23,28
3917230,1967,2.815,4,7.33333333333333,16,22.7625,28
3917230,1968,2.815,4.2,7.5,16.2916666666667,23,28
3917230,1969,2.815,4,7.33333333333333,16,23,28
3917230,1970,2.815,4,7.33333333333333,16,22.7625,28
3917230,1971,2.815,4,7.4,16,23,28
3917230,1972,2.815,4,7.33333333333333,16,23,28
3917230,1973,2.815,4,7.4,16.25,23,28
3917230,1974,2.815,4,7.25,16,23,28
3917230,1975,2.815,4,7.33333333333333,16,22.85,28
3917230,1976,2.815,4,7.33333333333333,16,23,28
3917230,1977,2.815,4,7.4,16,23,28
3917230,1978,2.815,4,7.2375,16,23,28
3917230,1979,2.815,4,7.38333333333334,16,23,28
3917230,1980,2.815,4,7.33333333333333,16,22.85,28
3917230,1981,2.815,4,7.4,16.25,23,28
3917230,1982,2.815,4,7.4,16,22.85,28
3917230,1983,2.815,4,7.33333333333333,16,23,28
3917230,1984,2.815,4,7.4,16,23,28
3917230,1985,2.815,4,7.475,16.25,23,28
3917230,1986,2.815,4,7.38333333333334,16,23,28
3917230,1987,2.815,4,7.38333333333334,16,22.85,28
3917230,1988,2.815,4,7.4,16,22.75,28
3917230,1989,2.815,4,7.33333333333333,16.25,23,28
3917230,1990,2.815,4,7.4,16,23,28
3917230,1991,2.815,4,7.4,16,22.75,28
3917230,1992,2.815,4,7.25,16,22.8,28
3917230,1993,2.815,4,7.33333333333333,16,22.85,28
3917230,1994,2.815,4,7.475,16.3333333333333,23,28
3917230,1995,2.815,4,7.2,16,22.75,28
3917230,1996,2.815,4,7.3125,16,22.85,28
3917230,1997,2.815,4,7.33333333333333,16,22.85,28
3917230,1998,2.815,4,7.33333333333333,16,22.525,28
3917230,1999,2.815,4,7.2,16.25,23,28
3917230,2000,2.815,4,7.2,16,23,28
3917230,2001,2.815,4,7.4,16.2916666666667,23,28
3917230,2002,2.815,4,7.4,16.25,23,28
3917230,2003,2.815,4,7.4,16.3666666666667,23,28
3917230,2004,2.815,4,7.4,16.25,23,28
3917230,2005,2.815,4,7.5,16,22.85,28
3917230,2006,2.815,4,7.4,16,23,28
3917230,2007,2.815,4,7.33333333333333,16,23,28
3917230,2008,2.815,4,7.4,16,23,28
3917230,2009,2.815,4,7.4,16,22.75,28
3917230,2010,2.815,4.18,7.5,16,23,28
3917230,2011,2.815,4,7.33333333333333,16,22.75,28
3917230,2012,2.815,4,7.4,16,23,28
3917230,2013,2.815,4,7.5,16.4,23,28
3917230,2014,2.815,4,7.475,16.125,23,28
3917230,2015,2.815,4,7.4,16,23,28
3917244,1950,200.814,2.4,3.5,6.225,11,19.755
3917244,1951,200.814,2.4,3,6,10,19
3917244,1952,200.814,2.5,4,7,13.6,20
3917244,1953,200.814,2.33333333333333,3.5,6.29166666666667,11,20
3917244,1954,200.814,2.5,4,7,13,20.2
3917244,1955,200.814,2.5,3.33333333333333,6.4,12,19.41
3917244,1956,200.814,2.5,4,7.33333333333333,14,20
3917244,1957,200.814,2,3,6,10,19.675
3917244,1958,200.814,2,3.33333333333333,6.25,10.75,20
3917244,1959,200.814,2.66666666666667,4.2,7.5,16.0625,21
3917244,1960,200.814,2.75,4,7,13.3333333333333,20
3917244,1961,200.814,2,3.3125,6,10.75,20
3917244,1962,200.814,2.25,3.33333333333333,6,10,18.755
3917244,1963,200.814,2.33333333333333,3.5,6.33333333333333,11.2,20
3917244,1964,200.814,2.25,3.4,6.4,12,20
3917244,1965,200.814,2.5,4,7.9,15,20
3917244,1966,200.814,2.5,3.66666666666667,6.66666666666667,13,20
3917244,1967,200.814,2.795,4,7.70833333333333,14,20
3917244,1968,200.814,2.49,3.5,6.5,12,20
3917244,1969,200.814,2.33333333333333,3.8,7,13,20
3917244,1970,200.814,2,3,6,10,19
3917244,1971,200.814,2,3,6,10.2708333333333,20
3917244,1972,200.814,2.4,3.75,6.75,12,20.25
3917244,1973,200.814,2,3,6,10,18.82
3917244,1974,200.814,2.5,4,7,13,20
3917244,1975,200.814,2,3,5.9,10,19
3917244,1976,200.814,2.5,4,7.2,13.8,20
3917244,1977,200.814,2.75,4,7.75,14.5,20
3917244,1978,200.814,3,4.8,8.5,16.6,20.25
3917244,1979,200.814,2.25,3.33333333333333,6,10,19
3917244,1980,200.814,2.59,4,7,13,20
3917244,1981,200.814,2,3,5.5,10,18
3917244,1982,200.814,2,3.33333333333333,6.25,11.2333333333333,19
3917244,1983,200.814,2,3,5.4,9.75,18
3917244,1984,200.814,2,3,5.775,10,19
3917244,1985,200.814,2.5,3.75,7,12.8,20.25
3917244,1986,200.814,2.8,4,7.225,13.6,20
3917244,1987,200.814,2.5,4,7,13.6,20.205
3917244,1988,200.814,2.6,4,7.775,15,20
3917244,1989,200.814,2.59,4,7.2,13.2708333333333,20.25
3917244,1990,200.814,2.6,4,7,12,20
3917244,1991,200.814,2.5,4,7,12.8,20
3917244,1992,200.814,2.6,3.8,7,12,20
3917244,1993,200.814,2.6,4,7.25,13.85,20
3917244,1994,200.814,2.66666666666667,4,7,13.5,20
3917244,1995,200.814,2,3.5,6.75,13.3333333333333,20
3917244,1996,200.814,2,3,5.5,9.8,18.2583333333333
3917244,1997,200.814,2,3.5,6,10.6666666666667,20.02
3917244,1998,200.814,2,3,5.45,10,19
3917244,1999,200.814,2.25,3.6,6.25,10.75,20
3917244,2000,200.814,2.5,3.75,6.66666666666667,12,20.6066666666667
3917244,2001,200.814,2.6,3.95,7,13,20
3917244,2002,200.814,2.5,4,8,15.3333333333333,20
3917244,2003,200.814,2.5,3.8,7,14.05,20.2583333333333
3917244,2004,200.814,2.4,3.25,6,11.2708333333333,20.2
3917244,2005,200.814,2.5,3.8,6.5,12,20
3917244,2006,200.814,2.33333333333333,3.5,6.5,12,20
3917244,2007,200.814,2.33333333333333,3.33333333333333,6.4,12,20
3917244,2008,200.814,2.66666666666667,4,7.33333333333333,14,20
3917244,2009,200.814,2.5,4,7,13.6,20
3917244,2010,200.814,2.6,4,7.2,13.3333333333333,20
3917244,2011,200.814,2.5,4,7,13.3333333333333,20.25
3917244,2012,200.814,2.33333333333333,3.4,6.25,11,19
3917244,2013,200.814,2.5,4,7,14,20.205
3917244,2014,200.814,2.49,3.5,6.5,11.2708333333333,20
3917244,2015,200.814,2.5,4,7,12.5,20
3917912,1950,100.196,2.74166666666667,4,7.33333333333333,14,20
3917912,1951,100.196,2.75,4,8,15,20.205
3917912,1952,100.196,3,4.75,8.5,17.3333333333333,20.755
3917912,1953,100.196,2.66666666666667,4,7.33333333333333,14.6166666666667,20.25
3917912,1954,100.196,2.75,4,8,16,20.6066666666667
3917912,1955,100.196,3,4.33333333333333,8,16,20
3917912,1956,100.196,2.75,4.5,8.25,16,21
3917912,1957,100.196,2.5,4,7,14,20.25
3917912,1958,100.196,3,4.33333333333333,8,16,21
3917912,1959,100.196,2.98,4.72916666666667,8.33333333333333,18.2,21.41
3917912,1960,100.196,3,4.6,8.1,16,20
3917912,1961,100.196,3,4,8,15,20
3917912,1962,100.196,2.75,4,7.25,14,20
3917912,1963,100.196,2.8,4,8,14.8,20.25
3917912,1964,100.196,2.66666666666667,4,7.8,15.6666666666667,20.4
3917912,1965,100.196,3,4.75,9,17.05,20.75
3917912,1966,100.196,2.74166666666667,4,8,16,20.82
3917912,1967,100.196,3,4.6,8.25,15.8,20.6066666666667
3917912,1968,100.196,2.74166666666667,4,8,15.4,20.755
3917912,1969,100.196,3,4.33333333333333,8,15.5,20.25
3917912,1970,100.196,2.5,4,7.25,14.525,20.4
3917912,1971,100.196,2.66666666666667,4.2,8,15,20.51
3917912,1972,100.196,2.98,4.33333333333333,8,15.5,21
3917912,1973,100.196,2.5,4,7,14,20.265
3917912,1974,100.196,3,4.33333333333333,8,16.05,20.4
3917912,1975,100.196,2.33333333333333,3.8,7,13.8,20.2
3917912,1976,100.196,3,4.5,8,16,21
3917912,1977,100.196,3,4.8,8.33333333333333,16,20
3917912,1978,100.196,3,5,9.66666666666667,18,21
3917912,1979,100.196,2.66666666666667,4,7,13.5,20.205
3917912,1980,100.196,3,4.4,8,16,20.4
3917912,1981,100.196,2.75,4,7.4,14.5,20
3917912,1982,100.196,2.75,4,8,15,20.205
3917912,1983,100.196,2.5,4,7,14.8,20.25
3917912,1984,100.196,2.5,4,7.2,14,20.2583333333333
3917912,1985,100.196,3,4.2,8,15,21
3917912,1986,100.196,3,4.66666666666667,8,16,20.2
3917912,1987,100.196,3,4.5,8,16.3333333333333,21
3917912,1988,100.196,3,4.8,9,17.5,20.6666666666667
3917912,1989,100.196,2.8,4.6,8,16,20.6666666666667
3917912,1990,100.196,2.75,4.3125,8,15.5,20.6666666666667
3917912,1991,100.196,2.75,4.38333333333333,8,16,20.5
3917912,1992,100.196,3,4.4,8,15.5,20.25
3917912,1993,100.196,2.75,4.5,8,16,20.5
3917912,1994,100.196,3,4.33333333333333,8,16,21
3917912,1995,100.196,3,4.75,8.70833333333333,18,20.6666666666667
3917912,1996,100.196,2.5,4,7,14,20.51
3917912,1997,100.196,2.75,4,7.5,14.85,21
3917912,1998,100.196,2.75,4,7.4,14.25,20.4
3917912,1999,100.196,2.66666666666667,4,7.5,14.6666666666667,21
3917912,2000,100.196,2.8,4.2375,8,15.5,20.82
3917912,2001,100.196,2.795,4.4,8.25,17,20.5
3917912,2002,100.196,3,4.8,9,18,20.82
3917912,2003,100.196,3,4.65,8.66666666666667,17.5,20.75
3917912,2004,100.196,2.8,4,7.33333333333333,14.6,20.6666666666667
3917912,2005,100.196,3,4.4,8,16,20.02
3917912,2006,100.196,2.75,4.4,8,16,20.5
3917912,2007,100.196,2.75,4,7.5,14.8,21
3917912,2008,100.196,3,4.8,8.33333333333333,17,20.5
3917912,2009,100.196,3,4.7875,8.5,17.3333333333333,20.6
3917912,2010,100.196,2.75,4.33333333333333,8.25,16,20.4
3917912,2011,100.196,2.8,4.66666666666667,8.225,16,20.5
3917912,2012,100.196,2.5,4,7.5,15,20.2
3917912,2013,100.196,2.75,4.5,8,16.8,21
3917912,2014,100.196,3,4,7.75,14.6666666666667,20.25
3917912,2015,100.196,3,4.5,8,16,20.2
3917914,1950,31.534,3,5,9,17.3333333333333,21
3917914,1951,31.534,3,5.2,9.36666666666667,18,21
3917914,1952,31.534,3,5.5,10,19,22
3917914,1953,31.534,3,5,9.25,18.5,21
3917914,1954,31.534,3,5.5,9.55,19,21.755
3917914,1955,31.534,3,5.33333333333333,9.33333333333333,18.6666666666667,21
3917914,1956,31.534,3,5.66666666666667,10.4,19.3333333333333,22.8
3917914,1957,31.534,3,5,9,17,21
3917914,1958,31.534,3,5.5,10,19,21.4
3917914,1959,31.534,3,5.7875,10,19.3333333333333,22.6666666666667
3917914,1960,31.534,3,5.5,10,19,21.75
3917914,1961,31.534,3,5,9.25,18,21
3917914,1962,31.534,3,5,9,16,21
3917914,1963,31.534,3,5.25,9.5,18.05,21
3917914,1964,31.534,3,5.38333333333333,9.5,19,21.2
3917914,1965,31.534,3,5.4,10.25,19,22.205
3917914,1966,31.534,3,5.33333333333333,9.33333333333333,18.5,21
3917914,1967,31.534,3,5.66666666666667,10,19,21.8
3917914,1968,31.534,3,5.625,10,18.7625,21.2
3917914,1969,31.534,3,5.5,10,19,21.4
3917914,1970,31.534,3,5,9,17.7625,21
3917914,1971,31.534,3,5.33333333333333,9.66666666666667,19,21.5
3917914,1972,31.534,3,5.66666666666667,10,18.8,21.3333333333333
3917914,1973,31.534,3,5,9,17.5,21
3917914,1974,31.534,3,5.5,9.8,19,21.82
3917914,1975,31.534,3,5.25,9.45,18.2125,21
3917914,1976,31.534,3,5.75,10,19,21.4
3917914,1977,31.534,3,5.75,10,19,21.2
3917914,1978,31.534,3,6,11.875,20,23
3917914,1979,31.534,3,5,9,16.8,21
3917914,1980,31.534,3,5.5,9.66666666666667,18.8,21.3333333333333
3917914,1981,31.534,3,5,9,17.525,21
3917914,1982,31.534,3,5,9.25,18.2708333333333,21
3917914,1983,31.534,3,5,9,18,21
3917914,1984,31.534,3,5,9,17.5,21
3917914,1985,31.534,3,5.5,9.66666666666667,18.5,21.205
3917914,1986,31.534,3.2,6,11,19.525,22.675
3917914,1987,31.534,3.2,5.66666666666667,10,18.8,21.675
3917914,1988,31.534,3,6,10.5,19.6,22.265
3917914,1989,31.534,3,5.75,10.3333333333333,19,22.5
3917914,1990,31.534,3,5.75,10,18.8,21.41
3917914,1991,31.534,3.18,5.75,10,19,21.5
3917914,1992,31.534,3,5.75,10,19,21.755
3917914,1993,31.534,3,5.66666666666667,10.5,19.35,22.755
3917914,1994,31.534,3,5.66666666666667,10,19,21.5
3917914,1995,31.534,3,5.33333333333333,10,19.3333333333333,22.51
3917914,1996,31.534,3,5,9,18,21
3917914,1997,31.534,3,5.33333333333333,9.6,18.2708333333333,21.205
3917914,1998,31.534,3,5.25,9.4,18,21
3917914,1999,31.534,3,5.5,10,18.75,21.3333333333333
3917914,2000,31.534,3.2,5.95,10,18.85,21.205
3917914,2001,31.534,3,5.66666666666667,10,19,21.6666666666667
3917914,2002,31.534,3.2,6,11.55,20,23
3917914,2003,31.534,3,5.66666666666667,10.5,19.6166666666667,22.5
3917914,2004,31.534,3,5.5,9.5,18.05,21
3917914,2005,31.534,3,5.4,10,19,22
3917914,2006,31.534,3,5.575,10.225,19,22.275
3917914,2007,31.534,3,5.5,9.5,18.5,21
3917914,2008,31.534,3,6,11,19.7625,22.82
3917914,2009,31.534,3.2,6,10.8,19.25,22.5
3917914,2010,31.534,3,6,10.5,19,22
3917914,2011,31.534,3,6,10.5,19,22
3917914,2012,31.534,3,5.4,9.66666666666667,19,21.2583333333333
3917914,2013,31.534,3.2,6,10.3333333333333,19,22
3917914,2014,31.534,3,5.5,10,18.375,21.41
3917914,2015,31.534,3,5.575,10,19,22
3917916,1950,40.55,3,5,9,16.5,21
3917916,1951,40.55,3,5,9,17.3333333333333,21
3917916,1952,40.55,3,5,9.66666666666667,19,21
3917916,1953,40.55,3,5,9,17.5,21
3917916,1954,40.55,3,5,9.5,19,21
3917916,1955,40.55,3,5,9.4,18.7625,21
3917916,1956,40.55,3,5,9.66666666666667,19,21
3917916,1957,40.55,3,4.8,8.5,16.5,21
3917916,1958,40.55,3,5,10,18.6666666666667,21
3917916,1959,40.55,3,5,10,19.2125,22
3917916,1960,40.55,3,5,9.5,18.2708333333333,21
3917916,1961,40.55,3,5,8.75,17,20.675
3917916,1962,40.55,3,4.65,8.36666666666667,16,20.75
3917916,1963,40.55,3,5,9,17.75,21
3917916,1964,40.55,3,5,9.5,19,21
3917916,1965,40.55,3,5,10,19,21
3917916,1966,40.55,3,5,9.4,19,21
3917916,1967,40.55,3,5,9.63333333333333,18.5,21
3917916,1968,40.55,3,5,9.4,18.25,21
3917916,1969,40.55,3,5,9.5,18.6875,21
3917916,1970,40.55,3,4.75,8.5,17,21
3917916,1971,40.55,3,5,9.33333333333333,18.2,21
3917916,1972,40.55,3,5,9.5,18.85,21
3917916,1973,40.55,3,5,9,16.8,21
3917916,1974,40.55,3,5,9.45,18.6666666666667,21
3917916,1975,40.55,3,5,9.33333333333333,18,21
3917916,1976,40.55,3,5,9.63333333333333,19,21
3917916,1977,40.55,3,5.33333333333333,10,19,21
3917916,1978,40.55,3,5.66666666666667,11.5,19.3333333333333,21.8
3917916,1979,40.55,3,5,8.8,16,20.755
3917916,1980,40.55,3,5,9.45,18.85,21
3917916,1981,40.55,3,4.8,8.5,17,21
3917916,1982,40.55,3,5,9,17.5,21
3917916,1983,40.55,3,5,9,17.3333333333333,21
3917916,1984,40.55,3,5,9,17,21
3917916,1985,40.55,3,5,9.5,18,21
3917916,1986,40.55,3,5,10,19,21.2133333333334
3917916,1987,40.55,3,5.33333333333333,10,18.8,21
3917916,1988,40.55,3,5.33333333333333,10,19,21
3917916,1989,40.55,3,5,9.63333333333333,18.6875,21
3917916,1990,40.55,3,5,10,18.8,21
3917916,1991,40.55,3,5.33333333333333,10,19,21
3917916,1992,40.55,3,5.33333333333333,10,18.7625,21
3917916,1993,40.55,3,5,10,19,21
3917916,1994,40.55,3,5.2,10,19,21
3917916,1995,40.55,3,5,9.8,19,21
3917916,1996,40.55,3,4.5,8.5,16.8,21
3917916,1997,40.55,3,5,9,18,21
3917916,1998,40.55,3,5,9.33333333333333,18,21
3917916,1999,40.55,3,5,9.4,18.5,21
3917916,2000,40.55,3,5.2375,9.6,18,21
3917916,2001,40.55,3,5.33333333333333,10,19,21
3917916,2002,40.55,3,5.66666666666667,10.4,19.3333333333333,21.755
3917916,2003,40.55,3,5,9.66666666666667,19,21.02
3917916,2004,40.55,3,5,9,18,21
3917916,2005,40.55,3,5,9.63333333333333,19,21
3917916,2006,40.55,3,5,9.775,19,21
3917916,2007,40.55,3,5,9.5,18,21
3917916,2008,40.55,3,5.33333333333333,10,19.05,21.8
3917916,2009,40.55,3,5.5,10.3666666666667,19,21
3917916,2010,40.55,3,5.33333333333333,10,19,21
3917916,2011,40.55,3,5.5,10,19,21
3917916,2012,40.55,3,5,9.5,18.2708333333333,21
3917916,2013,40.55,3,5.33333333333333,10,19,21
3917916,2014,40.55,3,5,9.5,18,21
3917916,2015,40.55,3,5.2,9.9,19,21
3917918,1950,144.846,2.6,3.8,6.75,12.8125,20
3917918,1951,144.846,2.66666666666667,3.6,6.9,12.6,20
3917918,1952,144.846,2.74166666666667,4,8,15.6875,20.3333333333333
3917918,1953,144.846,2.5,3.75,6.75,13,20
3917918,1954,144.846,2.66,4,7,14.6,20.25
3917918,1955,144.846,2.66,4,7,14,20
3917918,1956,144.846,2.66666666666667,4,8,15.05,20.5
3917918,1957,144.846,2,3.65,6.5,12,20
3917918,1958,144.846,2.33333333333333,4,7,14,20.2
3917918,1959,144.846,3,4.475,8,17.5,21
3917918,1960,144.846,2.8,4,8,15.3333333333333,20
3917918,1961,144.846,2.6,4,6.75,13,20
3917918,1962,144.846,2.66666666666667,4,6.5,11.5,20
3917918,1963,144.846,2.5,4,7,13,20
3917918,1964,144.846,2.5,3.75,7,14,20
3917918,1965,144.846,2.75,4,8,16,20.4
3917918,1966,144.846,2.66666666666667,4,7.2,15,20.2
3917918,1967,144.846,3,4,8,15,20.3333333333333
3917918,1968,144.846,2.66666666666667,4,7.33333333333333,14.2708333333333,20.2
3917918,1969,144.846,2.66666666666667,4,7.70833333333333,14.6666666666667,20
3917918,1970,144.846,2.4,3.5,6.33333333333333,12.4,20
3917918,1971,144.846,2.2,4,7,13.6,20
3917918,1972,144.846,2.66666666666667,4,7.2,14,20.2583333333333
3917918,1973,144.846,2.5,3.5,6.4,12,19.755
3917918,1974,144.846,2.75,4,7.29166666666667,15,20.2
3917918,1975,144.846,2.2,3.33333333333333,6.45,11.5,20
3917918,1976,144.846,3,4.33333333333333,7.66666666666667,15,20.25
3917918,1977,144.846,3,4.33333333333333,8,15.5,20
3917918,1978,144.846,3,5,9,17.5,20.5
3917918,1979,144.846,2.5,3.75,6.55,12,20
3917918,1980,144.846,3,4,7.2,14.6,20
3917918,1981,144.846,2.5,3.5,6.25,11.35,19.82
3917918,1982,144.846,2.5,4,7,14,20
3917918,1983,144.846,2,3.33333333333333,6.25,11.2708333333333,19.2583333333333
3917918,1984,144.846,2.49,3.5,6.33333333333333,12,20
3917918,1985,144.846,2.75,4,7.2,14,20.4
3917918,1986,144.846,3,4.2,8,15,20
3917918,1987,144.846,2.75,4,7.66666666666667,15,20.34
3917918,1988,144.846,3,4.4,8,16,20
3917918,1989,144.846,2.75,4,8,14.6666666666667,20.5
3917918,1990,144.846,2.8,4,7.5,14,20
3917918,1991,144.846,2.66666666666667,4,7.33333333333333,15,20.2
3917918,1992,144.846,2.75,4,7.36666666666667,13.7,20
3917918,1993,144.846,2.66666666666667,4,8,15,20
3917918,1994,144.846,2.98,4,7.36666666666667,15,20.4
3917918,1995,144.846,2.5,4,8,16,20
3917918,1996,144.846,2,3.5,6,10.4,19
3917918,1997,144.846,2.5,4,7,13.6166666666667,20.4
3917918,1998,144.846,2.4,3.75,6.6,12,20
3917918,1999,144.846,2.49,4,6.66666666666667,12.5,20.25
3917918,2000,144.846,2.8,4,7,13.6,20.5
3917918,2001,144.846,2.6,4,7.2,15,20.2
3917918,2002,144.846,2.66666666666667,4,8,16.05,20.25
3917918,2003,144.846,2.66666666666667,4,7.775,16,20.5
3917918,2004,144.846,2.66666666666667,3.66666666666667,6.8,12.6875,20.2
3917918,2005,144.846,2.8,4,7.33333333333333,14.6666666666667,20
3917918,2006,144.846,2.5,4,7,13.5,20
3917918,2007,144.846,2.5,3.8,7,13,20.25
3917918,2008,144.846,2.66666666666667,4.2,8,15.35,20
3917918,2009,144.846,2.75,4,8,15.5,20
3917918,2010,144.846,2.75,4,8,15,20
3917918,2011,144.846,2.74166666666667,4,8,15,20.25
3917918,2012,144.846,2.5,3.5,7,12.4,20
3917918,2013,144.846,2.66666666666667,4,7.66666666666667,15.6666666666667,20.4
3917918,2014,144.846,2.66666666666667,4,7,13,20
3917918,2015,144.846,3,4,7.63333333333333,14.2125,20
3917920,1950,9.989,3.59,6.75,14,21.7625,28
3917920,1951,9.989,3.75,6.5,13,20,24.5
3917920,1952,9.989,3.75,6.75,14,21,28
3917920,1953,9.989,4,7,14.6,21.6875,28
3917920,1954,9.989,4,6.8,14,21,28
3917920,1955,9.989,4,7.15,15,22,28
3917920,1956,9.989,4,7.33333333333333,15.7083333333333,22.525,28
3917920,1957,9.989,4,6.66666666666667,13.2,20.4,28
3917920,1958,9.989,3.5,6.33333333333333,12.8,20,26.02
3917920,1959,9.989,3.5,6.33333333333333,13,20.4,28
3917920,1960,9.989,4,7.25,15.45,22,28
3917920,1961,9.989,4,6.95,14,20.6,28
3917920,1962,9.989,3.795,6.5,13,20.3333333333333,28
3917920,1963,9.989,3.98,6.5,13,20,26
3917920,1964,9.989,4,7,14.25,21.7625,28
3917920,1965,9.989,3.8,6.5,13,20,24.5166666666667
3917920,1966,9.989,4,7,14.5,21.5,28
3917920,1967,9.989,4,7.2,15.5,22.5,28
3917920,1968,9.989,4,7,15,22,28
3917920,1969,9.989,4,7.2,15.55,22.5,28
3917920,1970,9.989,3.5,6.25,12.5,20,25.3333333333333
3917920,1971,9.989,4,6.33333333333333,12.8,20,24
3917920,1972,9.989,4,7,15,22,28
3917920,1973,9.989,4,7,14.9,22,28
3917920,1974,9.989,4,6.8,14.25,21,28
3917920,1975,9.989,4,7,15,22,28
3917920,1976,9.989,4,6.5,13,20.25,26.53
3917920,1977,9.989,4,7,15,22,28
3917920,1978,9.989,4,7.25,15.3666666666667,22.05,28
3917920,1979,9.989,4,7,14.8,21.85,28
3917920,1980,9.989,4,7,14,21,28
3917920,1981,9.989,4,7,15,22,28
3917920,1982,9.989,3.49,6.33333333333333,12.7083333333333,20,24.41
3917920,1983,9.989,3.795,6.25,12,20,24
3917920,1984,9.989,3.5,6.25,12,20,23
3917920,1985,9.989,4,7,15.3333333333333,22.2125,28
3917920,1986,9.989,4,7.25,15.5,22.05,28
3917920,1987,9.989,4,6.75,13.775,20.8,28
3917920,1988,9.989,4,7.4,15.6,22,28
3917920,1989,9.989,4,7.2,15.5,22.525,28
3917920,1990,9.989,4,7,15,22,28
3917920,1991,9.989,4,7.2,15,22,28
3917920,1992,9.989,4,7.25,15.5,22.5,28
3917920,1993,9.989,4,7.3125,15.8,22.525,28
3917920,1994,9.989,4,7,15,22,28
3917920,1995,9.989,4,7,15.5,22.2125,28
3917920,1996,9.989,3.33333333333333,6,12,20,23.3333333333333
3917920,1997,9.989,3.5,6.15,12,20,23.5
3917920,1998,9.989,4,6.5,13.1,20.5,28
3917920,1999,9.989,3.4,6,12,20,24
3917920,2000,9.989,4,7,15.2,22,28
3917920,2001,9.989,4,7,14.5,21.8,28
3917920,2002,9.989,4,7,15.6,22,28
3917920,2003,9.989,4,7,15.3666666666667,22,28
3917920,2004,9.989,4,7,14.775,21.8,28
3917920,2005,9.989,4,6.75,13.5,20.6,28
3917920,2006,9.989,3.4,6.25,12.3666666666667,20,24
3917920,2007,9.989,3.49,6,12,20,25
3917920,2008,9.989,4,6.75,14,20.75,28
3917920,2009,9.989,4,7.2,15.45,22,28
3917920,2010,9.989,4,7,15,22,28
3917920,2011,9.989,3.33333333333333,6.25,12.25,20,24
3917920,2012,9.989,4,7,14,21.4,28
3917920,2013,9.989,3.4,6,12.2916666666667,20,24
3917920,2014,9.989,4,7,15,22,28
3917920,2015,9.989,3.5,6.33333333333333,12.5,20,24.0400000000001
3917922,1950,9.736,3.74166666666667,6.75,14,21.8,28
3917922,1951,9.736,3.795,6.5,13.2,20,24.5
3917922,1952,9.736,4,7,15.45,22.05,28
3917922,1953,9.736,4,7,15,22,28
3917922,1954,9.736,4,7.15,15.55,22.5,28
3917922,1955,9.736,4,7.25,15.5,22.5,28
3917922,1956,9.736,4,7.25,15.6666666666667,22.6166666666667,28
3917922,1957,9.736,4,7,14.6666666666667,21.8,28
3917922,1958,9.736,3.74166666666667,6.75,14,21,28
3917922,1959,9.736,4,6.65,14,21,28
3917922,1960,9.736,4,7.33333333333333,15.55,22,28
3917922,1961,9.736,4,7.25,15.5,22,28
3917922,1962,9.736,4,7,15,22,28
3917922,1963,9.736,4,7,14,20.6666666666667,28
3917922,1964,9.736,3.795,7,14.7083333333333,22,28
3917922,1965,9.736,4,6.75,13.3333333333333,20,26.5
3917922,1966,9.736,4,7,15,22,28
3917922,1967,9.736,4,7.25,15.6,22.5,28
3917922,1968,9.736,4,7.2,15.3666666666667,22,28
3917922,1969,9.736,4,7.2375,15.6333333333333,22.5,28
3917922,1970,9.736,3.98,6.5,13.45,20.5,28
3917922,1971,9.736,4,6.5,13.2916666666667,20,26.22
3917922,1972,9.736,4,7,15,22,28
3917922,1973,9.736,4,7,15.3666666666667,22.5,28
3917922,1974,9.736,4,7.2375,15.8,22.525,28
3917922,1975,9.736,4,7,15,22,28
3917922,1976,9.736,4,7.2,15.2,22,28
3917922,1977,9.736,4,7.2,15,22,28
3917922,1978,9.736,4,7.25,15.225,22,28
3917922,1979,9.736,4,7,15,22,28
3917922,1980,9.736,4,7.2,15.5,22.5,28
3917922,1981,9.736,4,7,15,22,28
3917922,1982,9.736,3.5,6.33333333333333,13,20,25
3917922,1983,9.736,4,6.5,13,20.425,28
3917922,1984,9.736,3.6,6.33333333333333,12,20,23
3917922,1985,9.736,4,7,15.5,22.5,28
3917922,1986,9.736,4,7.25,15.6,22.05,28
3917922,1987,9.736,4,7.15,15.45,22.5,28
3917922,1988,9.736,4,7.38333333333334,15.6,22,28
3917922,1989,9.736,4,7.25,15.6333333333333,22.5,28
3917922,1990,9.736,4,7,15,22,28
3917922,1991,9.736,4,7.2,15,22,28
3917922,1992,9.736,4,7.25,15.4,22,28
3917922,1993,9.736,4,7.2375,15.6666666666667,22.5,28
3917922,1994,9.736,4,7,15,22,28
3917922,1995,9.736,4,7,15.55,22.3125,28
3917922,1996,9.736,3.33333333333333,6,12,20,23.41
3917922,1997,9.736,3.5,6.25,12.225,20,24
3917922,1998,9.736,4,7,14.6666666666667,22,28
3917922,1999,9.736,3.49,6.2375,12.6666666666667,20,24.5
3917922,2000,9.736,4,7,15.5,22,28
3917922,2001,9.736,4,7,15,22,28
3917922,2002,9.736,4,7,15.55,22.5,28
3917922,2003,9.736,4,7.15,15.7083333333333,22.5,28
3917922,2004,9.736,4,7,15,22,28
3917922,2005,9.736,4,7.2,15,22,28
3917922,2006,9.736,3.66666666666667,6.38333333333333,13,20,26
3917922,2007,9.736,3.795,6.5,13.2916666666667,20.5,28
3917922,2008,9.736,4,7,15,22,28
3917922,2009,9.736,4,7.25,15.6,22.2125,28
3917922,2010,9.736,4,7.25,15.4,22,28
3917922,2011,9.736,3.5,6.33333333333333,13,20,26.5
3917922,2012,9.736,4,7,15,22,28
3917922,2013,9.736,3.6,6.33333333333333,13.2,20.05,26.8
3917922,2014,9.736,4,7,15,22,28
3917922,2015,9.736,3.59,6.5,13.2,20.25,27
3917946,1950,213.614,2.325,3.5,6.33333333333333,10.5,20
3917946,1951,213.614,2.33333333333333,3,6,10,18.6066666666667
3917946,1952,213.614,2.5,4,7,13.2708333333333,20
3917946,1953,213.614,2,3.5,6,10.4,19.8
3917946,1954,213.614,2.66,4,7,13,20.02
3917946,1955,213.614,2.5,3.33333333333333,6.225,11.5,19.41
3917946,1956,213.614,2.5,4,7,14,20
3917946,1957,213.614,2,3,5.66666666666667,10,19.0333333333334
3917946,1958,213.614,2,3.25,6,10.4,20
3917946,1959,213.614,2.66666666666667,4.25,7.5,16,21
3917946,1960,213.614,2.8,4,7,13,20
3917946,1961,213.614,2,3,6,10,20
3917946,1962,213.614,2.25,3.33333333333333,6,10,18.5
3917946,1963,213.614,2.325,3.4,6,11,19.82
3917946,1964,213.614,2.18,3.33333333333333,6.25,11.5,20
3917946,1965,213.614,2.59,4,8,15,20.205
3917946,1966,213.614,2.5,3.7875,7,13,20
3917946,1967,213.614,2.795,4,7.6,14,20
3917946,1968,213.614,2.5,3.5,6.66666666666667,12,20
3917946,1969,213.614,2.5,4,7,13,20
3917946,1970,213.614,2,3,6,10,19
3917946,1971,213.614,2,3,6,10.2125,20
3917946,1972,213.614,2.5,3.8,6.75,12,20.25
3917946,1973,213.614,2,3,6,10,18.82
3917946,1974,213.614,2.6,4,7,13,20
3917946,1975,213.614,2,3,5.6,10,19
3917946,1976,213.614,2.66666666666667,4,7,14,20
3917946,1977,213.614,2.98,4,7.5,14.5,20
3917946,1978,213.614,3,5,8.36666666666667,16.6,20.2
3917946,1979,213.614,2.25,3.2,6,10,18.8
3917946,1980,213.614,2.75,4,7,12.525,20
3917946,1981,213.614,2,3,5.4,10,18
3917946,1982,213.614,2,3.2,6,10.6875,19
3917946,1983,213.614,2,3,5.5,10,19
3917946,1984,213.614,2,3,5.75,10,19
3917946,1985,213.614,2.39333333333333,3.65,7,12.3333333333333,20.2
3917946,1986,213.614,3,4,7.2,13.525,20
3917946,1987,213.614,2.5,4,7,13.3333333333333,20.2
3917946,1988,213.614,2.66,4,7.5,14.85,20
3917946,1989,213.614,2.5,4,7,13,20.205
3917946,1990,213.614,2.66,4,7,12,20
3917946,1991,213.614,2.8,4,7,13,20
3917946,1992,213.614,2.5,3.8,7,12,20
3917946,1993,213.614,2.5,4,7.2,13.6,20
3917946,1994,213.614,2.795,4,7,13.6,20
3917946,1995,213.614,2,3.5,6.66666666666667,13.5,20
3917946,1996,213.614,2,3,5.5,10,19
3917946,1997,213.614,2,3.5,6,11,20.02
3917946,1998,213.614,2,3,5.5,9.66666666666667,18.51
3917946,1999,213.614,2.18,3.5,6,10,20
3917946,2000,213.614,2.5,3.75,6.8,12,20.6066666666667
3917946,2001,213.614,2.5,3.8,7,13,20
3917946,2002,213.614,2.5,4,7.63333333333333,15.2708333333333,20
3917946,2003,213.614,2.5,3.75,7,14,20.25
3917946,2004,213.614,2.4,3.2,6,11,20
3917946,2005,213.614,2.5,3.75,6.33333333333333,11.6666666666667,20
3917946,2006,213.614,2.33333333333333,3.5,6.5,12,20
3917946,2007,213.614,2.33333333333333,3.33333333333333,6.4,11.5,20
3917946,2008,213.614,3,4,7.25,14,20
3917946,2009,213.614,2.5,4,7,13.3333333333333,20
3917946,2010,213.614,2.66666666666667,4,7,13.3333333333333,20
3917946,2011,213.614,2.5,4,7,13,20.25
3917946,2012,213.614,2.325,3.33333333333333,6,10.525,19
3917946,2013,213.614,2.6,4,7,14,20
3917946,2014,213.614,2.4,3.5,6.4,10.75,20
3917946,2015,213.614,2.5,4,7,12.35,20
3917948,1950,169.107,2.5,3.66666666666667,6.33333333333333,11.5,19.8
3917948,1951,169.107,2.5,3.33333333333333,6.4,11.2,19.8
3917948,1952,169.107,2.66666666666667,4,7.33333333333333,14.6,20
3917948,1953,169.107,2.33333333333333,3.5,6.4,11.425,20
3917948,1954,169.107,2.6,4,7,13.6,20.2
3917948,1955,169.107,2.6,3.66666666666667,7,13,20
3917948,1956,169.107,2.66,4,7.63333333333333,14.75,20.2
3917948,1957,169.107,2,3.33333333333333,6,10.7625,20
3917948,1958,169.107,2,3.66666666666667,6.5,11.6166666666667,20
3917948,1959,169.107,2.98,4.33333333333333,8,16.8,21
3917948,1960,169.107,2.8,4,7.66666666666667,14.6,20
3917948,1961,169.107,2.5,3.575,6.33333333333333,12,20
3917948,1962,169.107,2.4,3.5,6,10,19
3917948,1963,169.107,2.5,3.575,6.5,12,20
3917948,1964,169.107,2.5,3.75,6.66666666666667,13,20
3917948,1965,169.107,2.66666666666667,4,8,15.75,20.25
3917948,1966,169.107,2.5,4,7,14,20
3917948,1967,169.107,3,4,8,14.5,20.2
3917948,1968,169.107,2.6,4,7,13,20
3917948,1969,169.107,2.66666666666667,4,7.33333333333333,14,20
3917948,1970,169.107,2.33333333333333,3.25,6,10.75,19.35
3917948,1971,169.107,2,3.5,6.4,12,20
3917948,1972,169.107,2.6,4,7,13,20.25
3917948,1973,169.107,2.4,3.2375,6,10.5,19
3917948,1974,169.107,2.795,4,7,14,20
3917948,1975,169.107,2,3,6,10.3333333333333,19.51
3917948,1976,169.107,2.795,4,7.36666666666667,14.2,20
3917948,1977,169.107,3,4.2,8,15.2708333333333,20
3917948,1978,169.107,3,5,9,17,20.5
3917948,1979,169.107,2.5,3.5,6,10.6875,20
3917948,1980,169.107,3,4,7,14,20
3917948,1981,169.107,2.25,3.33333333333333,6,10,19
3917948,1982,169.107,2.33333333333333,3.5,6.8,13,20
3917948,1983,169.107,2,3,6,10,18.82
3917948,1984,169.107,2.325,3.3125,6,10.6166666666667,19.755
3917948,1985,169.107,2.75,4,7,13,20.3333333333333
3917948,1986,169.107,3,4,7.33333333333333,14,20
3917948,1987,169.107,2.6,4,7,14.4,20.34
3917948,1988,169.107,2.75,4.25,8,16,20
3917948,1989,169.107,2.75,4,7.6,14,20.4
3917948,1990,169.107,2.75,4,7,13,20
3917948,1991,169.107,2.75,4,7,14,20
3917948,1992,169.107,2.8,4,7,13,20
3917948,1993,169.107,2.6,4,7.33333333333333,14,20
3917948,1994,169.107,2.8,4,7,14,20
3917948,1995,169.107,2.25,4,7.36666666666667,14.5,20
3917948,1996,169.107,2,3,5.8,10,18.25
3917948,1997,169.107,2.25,3.75,6.5,12,20.25
3917948,1998,169.107,2,3.2,6,10.4,20
3917948,1999,169.107,2.5,4,6.25,11.6166666666667,20.25
3917948,2000,169.107,2.66666666666667,4,7,12.425,20.51
3917948,2001,169.107,2.6,4,7,14,20
3917948,2002,169.107,2.74166666666667,4,8,16,20
3917948,2003,169.107,2.66666666666667,4,7.2,15.2708333333333,20.4
3917948,2004,169.107,2.66,3.5,6.4,12,20.02
3917948,2005,169.107,2.75,4,7,13.525,20
3917948,2006,169.107,2.5,3.8,7,12.6166666666667,20
3917948,2007,169.107,2.4,3.5,6.5,12,20
3917948,2008,169.107,2.8,4.2,7.63333333333333,14.6666666666667,20
3917948,2009,169.107,2.75,4,7.25,14.2708333333333,20
3917948,2010,169.107,2.75,4,7.63333333333333,14.5,20
3917948,2011,169.107,2.66666666666667,4,7.6,14,20.25
3917948,2012,169.107,2.5,3.5,6.5,12,20
3917948,2013,169.107,2.75,4,7.4,15,20.25
3917948,2014,169.107,2.66666666666667,3.66666666666667,6.8,12,20
3917948,2015,169.107,3,4,7,13.6166666666667,20
3917950,1950,185.88,2.49,3.5,6.225,11.2,19.675
3917950,1951,185.88,2.5,3.25,6,10.05,19
3917950,1952,185.88,2.6,4,7,14,20
3917950,1953,185.88,2.33333333333333,3.5,6.5,11.2,20
3917950,1954,185.88,2.5,4,7,12.85,20
3917950,1955,185.88,2.4,3.5,6.5,12,19.82
3917950,1956,185.88,2.5,4,7.5,14.05,20
3917950,1957,185.88,2,3.2,6,10,20
3917950,1958,185.88,2,3.38333333333333,6.29166666666667,10.6666666666667,20
3917950,1959,185.88,2.6,4.2,7.5,16.2875,21
3917950,1960,185.88,2.66666666666667,4,7.225,14,20
3917950,1961,185.88,2.18,3.33333333333333,6,11,20
3917950,1962,185.88,2.245,3.5,6,10,19
3917950,1963,185.88,2.33333333333333,3.5,6.33333333333333,11.425,20
3917950,1964,185.88,2.33333333333333,3.5,6.5,12,20
3917950,1965,185.88,2.5,4,7.70833333333333,15,20
3917950,1966,185.88,2.5,3.66666666666667,6.775,13,20
3917950,1967,185.88,2.75,4,7.66666666666667,14,20
3917950,1968,185.88,2.5,3.66666666666667,6.75,12,20
3917950,1969,185.88,2.5,4,7,13,20
3917950,1970,185.88,2.2,3.2,6,10,19
3917950,1971,185.88,2,3.3125,6,10.6875,20
3917950,1972,185.88,2.5,4,7,12,20.2
3917950,1973,185.88,2.245,3,6,10,18.82
3917950,1974,185.88,2.5,4,7,13.2708333333333,20
3917950,1975,185.88,2,3,6,10,19
3917950,1976,185.88,2.59,4,7.25,14,20
3917950,1977,185.88,2.795,4,8,14.5,20
3917950,1978,185.88,3,5,8.66666666666667,16.6666666666667,20.3333333333333
3917950,1979,185.88,2.33333333333333,3.4,6,10,19.8
3917950,1980,185.88,2.5,4,7,13,20
3917950,1981,185.88,2,3,5.63333333333333,10,18.2583333333333
3917950,1982,185.88,2.33333333333333,3.5,6.4,12,20
3917950,1983,185.88,2,3,5.45,9.8,18.02
3917950,1984,185.88,2,3.2,6,10,19
3917950,1985,185.88,2.5,3.8,7,12.6166666666667,20.25
3917950,1986,185.88,2.8,4,7.225,13.6166666666667,20
3917950,1987,185.88,2.33333333333333,4,7,13.6166666666667,20.25
3917950,1988,185.88,2.5,4,7.8,15,20
3917950,1989,185.88,2.5,4,7.25,13.3333333333333,20.25
3917950,1990,185.88,2.6,4,7,12.35,20
3917950,1991,185.88,2.5,4,7,12.7625,20
3917950,1992,185.88,2.6,3.75,7,12.2125,20
3917950,1993,185.88,2.5,4,7.25,14,20
3917950,1994,185.88,2.66,4,7,13.5,20
3917950,1995,185.88,2,3.575,7,13.525,20
3917950,1996,185.88,2,3,5.5,9.66666666666667,18.02
3917950,1997,185.88,2,3.5,6,11,20.2
3917950,1998,185.88,2,3,5.5,10,19
3917950,1999,185.88,2.25,3.66666666666667,6,10.75,20
3917950,2000,185.88,2.5,3.75,6.8,12,20.5
3917950,2001,185.88,2.5,3.7875,7,13.25,20
3917950,2002,185.88,2.5,4,8,15.7,20
3917950,2003,185.88,2.5,3.95,7,14.6,20.34
3917950,2004,185.88,2.5,3.33333333333333,6,11.5,20
3917950,2005,185.88,2.5,4,7,12.525,20
3917950,2006,185.88,2.4,3.66666666666667,6.75,12,20
3917950,2007,185.88,2.33333333333333,3.4,6.33333333333333,12,20
3917950,2008,185.88,2.66666666666667,4,7.36666666666667,14,20
3917950,2009,185.88,2.5,4,7,13.7,20
3917950,2010,185.88,2.66666666666667,4,7.25,14,20
3917950,2011,185.88,2.5,4,7.2,13.3333333333333,20.2
3917950,2012,185.88,2.4,3.5,6.4,11.5,19.3333333333333
3917950,2013,185.88,2.5,4,7,14,20.2
3917950,2014,185.88,2.5,3.5,6.5,11.425,20
3917950,2015,185.88,2.66666666666667,4,7,12.7625,20
948010089,1950,10.692,3.74166666666667,6.75,14,21.8,28
948010089,1951,10.692,3.795,6.5,13,20,24.5
948010089,1952,10.692,3.75,6.7875,14,21,28
948010089,1953,10.692,4,7,14.6666666666667,21.8,28
948010089,1954,10.692,3.74166666666667,7,14,21,28
948010089,1955,10.692,4.18,7.25,15.5,22.5,28
948010089,1956,10.692,4,7.33333333333333,15.6,22.5,28
948010089,1957,10.692,4,6.72916666666667,13.1,20.4,28
948010089,1958,10.692,3.5,6.38333333333333,13,20,26.82
948010089,1959,10.692,3.5,6.33333333333333,13,20.4,28
948010089,1960,10.692,4,7.33333333333333,15.5,22,28
948010089,1961,10.692,4,7.3125,15.4,22,28
948010089,1962,10.692,4,7,14.9,22,28
948010089,1963,10.692,3.66,6.5,13,20,25.41
948010089,1964,10.692,3.795,7,14.225,21.8,28
948010089,1965,10.692,4,6.6,13,20,24.5
948010089,1966,10.692,4,7,14.9,22,28
948010089,1967,10.692,4,7.33333333333333,15.6,22.5,28
948010089,1968,10.692,4,7.2,15.2,22,28
948010089,1969,10.692,4,7.25,15.6333333333333,22.5,28
948010089,1970,10.692,3.5,6.33333333333333,12.6666666666667,20,25.5
948010089,1971,10.692,4,6.475,13,20,24.41
948010089,1972,10.692,4,7,15,22,28
948010089,1973,10.692,4,7,15,22,28
948010089,1974,10.692,4,7,14.5,21,28
948010089,1975,10.692,4,7,15,22,28
948010089,1976,10.692,4,7,14,21,28
948010089,1977,10.692,4,7,15,22,28
948010089,1978,10.692,4,7.3125,15.3333333333333,22.3125,28
948010089,1979,10.692,4,7,15,22,28
948010089,1980,10.692,4,7,14,21,28
948010089,1981,10.692,4,7,15,22,28
948010089,1982,10.692,3.5,6.33333333333333,12.6666666666667,20,24.22
948010089,1983,10.692,3.795,6.25,12,20,24
948010089,1984,10.692,3.59,6.33333333333333,12,20,23
948010089,1985,10.692,4,7,15.4,22.5,28
948010089,1986,10.692,4,7.3125,15.5,22.05,28
948010089,1987,10.692,4,7,15,22,28
948010089,1988,10.692,4,7.4,15.5,22,28
948010089,1989,10.692,4,7.25,15.6,22.525,28
948010089,1990,10.692,4,7,15,22,28
948010089,1991,10.692,4,7.2375,15,22,28
948010089,1992,10.692,4,7.33333333333333,15.5,22.3125,28
948010089,1993,10.692,4,7.33333333333333,15.8,22.5,28
948010089,1994,10.692,4,7,15,22,28
948010089,1995,10.692,4,7,15.5,22.2125,28
948010089,1996,10.692,3.33333333333333,6,12,20,23.3333333333333
948010089,1997,10.692,3.5,6.2,12,20,23.5
948010089,1998,10.692,4,6.5,13.1,20.5,28
948010089,1999,10.692,3.4,6,12.2916666666667,20,24
948010089,2000,10.692,4,7.2,15.45,22,28
948010089,2001,10.692,4,7,15,22,28
948010089,2002,10.692,4,7,15.5,22,28
948010089,2003,10.692,4,7.2,15.7083333333333,22.5,28
948010089,2004,10.692,4,7,15,22,28
948010089,2005,10.692,4,7.2,15,22,28
948010089,2006,10.692,3.5,6.33333333333333,12.5,20,24
948010089,2007,10.692,3.5,6.33333333333333,12.4,20,26
948010089,2008,10.692,4,7,15,22,28
948010089,2009,10.692,4,7.2375,15.55,22.3125,28
948010089,2010,10.692,4,7.25,15.2916666666667,22,28
948010089,2011,10.692,3.49,6.33333333333333,13,20,25.615
948010089,2012,10.692,4,7,14.5,21.75,28
948010089,2013,10.692,3.49,6.25,13,20,25.0333333333334
948010089,2014,10.692,4,7,15,22,28
948010089,2015,10.692,3.5,6.5,13,20,25.3333333333333
