comid,metric,p10,p25,p50,p75,p90,area
3917070,DS_Dur_WS,64.95,109,174.1,227.025,271.8,1.649
3917070,DS_Mag_50,0.00695857568243864,0.017944906942046,0.0314258384097847,0.0623349399039495,0.134773206940607,1.649
3917070,DS_Mag_90,0.012433600384337,0.033505018279447046,0.0807247957927716,0.189157724054834,0.394212026080815,1.649
3917070,DS_Tim,170.96,229,289,328.5625,356.15,1.649
3917070,FA_Dur,4,7.15,15.72916666666665,22.05,28,1.649
3917070,FA_Mag,0.100308122873738,0.203890104302744,0.49993903223256,1.00776042369669,2.3251411495230148,1.649
3917070,FA_Tim,5,12.7291666666667,36,50,61.5,1.649
3917070,Peak_10,2.46227266506951,5.98596322691487,15.9177914967374,35.4235876369816,57.8762041010968,1.649
3917070,Peak_2,0.551813070371744,1.36832530326759,3.51406423180306,9.09900054219266,17.3125603683761,1.649
3917070,Peak_5,2.34868308275605,5.19632973485372,11.6589014685811,21.6342452724628,39.0278768858642,1.649
3917070,SP_Dur,34,71,143.416666666667,200.25,256,1.649
3917070,SP_Mag,0.16963445330113752,0.6766269564177575,2.0372262688636003,4.060984937664125,9.99823881948415,1.649
3917070,SP_Tim,188.6066666666665,232.4,255,271.425,285.666666666667,1.649
3917070,Wet_BFL_Dur,32,62.9166666666667,130.63333333333298,218.425,263.84,1.649
3917070,Wet_BFL_Mag_10,0.00796270135426302,0.0228686618222371,0.05654171947001585,0.1205664741939505,0.226918148119479,1.649
3917070,Wet_BFL_Mag_50,0.015951702841745,0.0438016309400483,0.0866721516089884,0.254661379960616,0.810538944080008,1.649
3917070,Wet_Tim,28.5,86.7291666666667,151,185,207,1.649
3917072,DS_Dur_WS,61,98,172.08333333333348,231,284,0.086
3917072,DS_Mag_50,3.75612579094435e-4,9.4960600639185e-4,0.00165470792091752,0.003445816174021345,0.007654497837255615,0.086
3917072,DS_Mag_90,7.1367739171244e-4,0.00187168847541517,0.00440766735952304,0.0101277748336572,0.0218537095528033,0.086
3917072,DS_Tim,160.966666666667,217.875,281.375,325.5,353.34,0.086
3917072,FA_Dur,4,7.2,16,22.75,28,0.086
3917072,FA_Mag,0.00569302355269515,0.0123421289935981,0.0300876671890178,0.0525575478701732,0.140262576892346,0.086
3917072,FA_Tim,5,13,36,50,61.5,0.086
3917072,Peak_10,0.128414462823516,0.317563246962614,0.831472215603738,1.84743998591899,3.01840724845017,0.086
3917072,Peak_2,0.0258692027570904,0.0713620230933974,0.183268358966078,0.474538536463656,1.01640462984211,0.086
3917072,Peak_5,0.122490445795646,0.271003248755258,0.649001719907208,1.12828689716907,2.12838811786251,0.086
3917072,SP_Dur,34.5,71,142,199.375,254.4,0.086
3917072,SP_Mag,0.0133282901284692,0.0623301068911658,0.181015158410956,0.422354330727996,0.897502952796996,0.086
3917072,SP_Tim,180.35,232,255,271.35,285.606666666667,0.086
3917072,Wet_BFL_Dur,32.4833333333333,64.3333333333333,133.458333333333,220,266.075,0.086
3917072,Wet_BFL_Mag_10,3.9626588519347e-4,0.00116053473804715,0.00293479497266992,0.00634311833050727,0.0116184832609607,0.086
3917072,Wet_BFL_Mag_50,8.9298015436587e-4,0.00240008740730232,0.00458863238096985,0.013555389528304,0.0425306998716694,0.086
3917072,Wet_Tim,27.3933333333333,86.7875,152.2,186.0625,210.6,0.086
3917082,DS_Dur_WS,61,99.875,173,229.425,281,1.483
3917082,DS_Mag_50,0.00616352165888789,0.0161384457216824,0.02816619118208425,0.0565727178536917,0.121205982955076,1.483
3917082,DS_Mag_90,0.0108112754937435,0.0292889955128667,0.0697414867504851,0.162620066167636,0.353092236571898,1.483
3917082,DS_Tim,170.3,226.458333333333,287.475,328.025,354.7,1.483
3917082,FA_Dur,4,7.2,15.7625,22.2125,28,1.483
3917082,FA_Mag,0.0912379986080796,0.1843215594583475,0.451759823241102,0.906312133621709,2.1126739648657,1.483
3917082,FA_Tim,5,12.95,36,50.05,61.51,1.483
3917082,Peak_10,2.21440288799156,5.47611971215764,14.3380615783761,31.8575988269519,51.7628850794752,1.483
3917082,Peak_2,0.446093345218196,1.21692299054604,3.15722109088013,7.88832191770383,12.5955284520567,1.483
3917082,Peak_5,2.11224803622027,4.67323044074473,9.20370339054706,19.1444362945004,34.2288481274302,1.483
3917082,SP_Dur,34,71.25,143.333333333333,201.5625,256.02,1.483
3917082,SP_Mag,0.15645821960968498,0.641287289082271,1.8717681967326,3.96902527298904,9.33466738066382,1.483
3917082,SP_Tim,186.245,232.38125000000002,255,271.4,285.666666666667,1.483
3917082,Wet_BFL_Dur,32,63.15,129.55,218.6375,265.1,1.483
3917082,Wet_BFL_Mag_10,0.00700415470357631,0.0202699301486325,0.0498097527505482,0.107601611795649,0.206538646708138,1.483
3917082,Wet_BFL_Mag_50,0.0142267510696755,0.0391395165972779,0.07766672067968845,0.228856780127026,0.728944362686872,1.483
3917082,Wet_Tim,27,85.4375,150.48333333333352,185,208,1.483
3917084,DS_Dur_WS,65,115.525,179,227.90625,271.74,14.966
3917084,DS_Mag_50,0.04402873638605295,0.1527763335109975,0.273586537688515,0.539495551125659,1.26043056014509,14.966
3917084,DS_Mag_90,0.094961175752096,0.249591817156927,0.6130420841879545,1.49317587622928,3.51281520023242,14.966
3917084,DS_Tim,174.305,232,289.9375,328.5,353,14.966
3917084,FA_Dur,3,5.8,10.4,19,22,14.966
3917084,FA_Mag,0.7335978772429065,1.37135951474436,3.04550817488195,5.83734068381844,11.5028424084141,14.966
3917084,FA_Tim,3.7975,12,36.383333333333354,51.41666666666665,62,14.966
3917084,Peak_10,20.6619407938405,43.5314980010225,104.115081551624,275.693237503007,522.05390258765,14.966
3917084,Peak_2,4.50184288910015,12.8270687196682,31.8617470304195,82.5807411245939,136.435394789411,14.966
3917084,Peak_5,21.3161861834609,47.1608676845487,92.8810687410164,193.200022645646,345.427472066838,14.966
3917084,SP_Dur,29.9875,67.35625,139,190.76875,242.2425,14.966
3917084,SP_Mag,1.1141457216703201,3.79044804538909,13.090424272496499,33.05973522312195,66.1953948224274,14.966
3917084,SP_Tim,198.15,233,255,271,285.5,14.966
3917084,Wet_BFL_Dur,31.74583333333335,61,122,204.85,256.31500000000005,14.966
3917084,Wet_BFL_Mag_10,0.06742837403366815,0.201712274513775,0.484311937890661,0.98985799658103,1.81212245574258,14.966
3917084,Wet_BFL_Mag_50,0.1390914777876385,0.3873269667614075,0.77882647485111,2.195808481689025,6.65379057387903,14.966
3917084,Wet_Tim,24,76,148,184,205,14.966
3917106,DS_Dur_WS,65.78666666666665,120.875,181.708333333333,226.31875,266,26.646
3917106,DS_Mag_50,0.060223762152954996,0.268414752069722,0.483014206708716,0.941473808819941,2.20651513908481,26.646
3917106,DS_Mag_90,0.15076226201847798,0.405021124057646,1.034413819241105,2.6585035679544,5.99296669420058,26.646
3917106,DS_Tim,175,231.9375,288,326.74375,350.565,26.646
3917106,FA_Dur,3,5.5,10,19,21.455,26.646
3917106,FA_Mag,1.29125676140138,2.321062987487315,5.27436667372879,9.8908629066446,17.33675037173245,26.646
3917106,FA_Tim,3,12,38,53.5,63,26.646
3917106,Peak_10,36.7872560732777,80.7125436820548,185.370203329184,490.854069658234,929.483381554893,26.646
3917106,Peak_2,8.01524158913288,22.655980386398,54.9460066712197,131.803012715665,194.333810599918,26.646
3917106,Peak_5,37.9520978915208,83.966890306193,165.368766382007,323.542963412479,626.775622958758,26.646
3917106,SP_Dur,29,65,134.0625,185,235.7,26.646
3917106,SP_Mag,2.055754047877855,5.73175387410884,18.865959274826,44.5270413725111,81.2325975821103,26.646
3917106,SP_Tim,201,233,255,270.65,285,26.646
3917106,Wet_BFL_Dur,32,63.5,125.42500000000001,209.14375,257,26.646
3917106,Wet_BFL_Mag_10,0.12005188123086499,0.36432807920839005,0.8725215797669275,1.73047698707574,3.09612200435731,26.646
3917106,Wet_BFL_Mag_50,0.22190101658349998,0.666586940617157,1.38806954971884,3.71940401087075,11.6799004697871,26.646
3917106,Wet_Tim,23.695833333333347,74.64583333333334,147.25,183.666666666667,204.4,26.646
3917114,DS_Dur_WS,64.4833333333333,108,172.708333333333,225.083333333333,271.213333333333,1.989
3917114,DS_Mag_50,0.00866883229383951,0.0218478512421985,0.0379541686058824,0.0757093259740912,0.163355901694579,1.989
3917114,DS_Mag_90,0.0145000856082642,0.0381896289787467,0.091073081646187,0.2159430014399415,0.473567402927515,1.989
3917114,DS_Tim,166.9,222.425,283,326.270833333333,352,1.989
3917114,FA_Dur,4,7.15,15.72916666666665,22,28,1.989
3917114,FA_Mag,0.120957645853065,0.245929301066196,0.60298869793038,1.21554607806715,2.82456272160327,1.989
3917114,FA_Tim,5,12.76875,36.1,50,61.51,1.989
3917114,Peak_10,2.96995775065086,7.34457323498419,19.2302120562306,42.727420139452,69.4243954302604,1.989
3917114,Peak_2,0.665588961170042,1.63213744315312,4.23861355794802,10.5798194836904,17.0918645580289,1.989
3917114,Peak_5,2.83294763590163,6.26773792760706,12.3440094698571,23.9858973070262,45.9077403408352,1.989
3917114,SP_Dur,33.5,69.95,141.5,199,253.808333333333,1.989
3917114,SP_Mag,0.20217518786181748,0.807076418970829,2.4346795669891703,4.7487037919493496,12.0176669635248,1.989
3917114,SP_Tim,187.3,232.5,255,271.4125,285.666666666667,1.989
3917114,Wet_BFL_Dur,32,63,130.333333333333,218.4,263.2,1.989
3917114,Wet_BFL_Mag_10,0.00941943791615635,0.0276437431181061,0.0667143225874032,0.142199013274575,0.273705395154424,1.989
3917114,Wet_BFL_Mag_50,0.0191048018962883,0.0528328950513985,0.104177113983905,0.306714704611844,0.977660375849082,1.989
3917114,Wet_Tim,27,85,149.8166666666665,184.666666666667,206.775,1.989
3917130,DS_Dur_WS,80.225,132.68125,186.3125,226,264,76.367
3917130,DS_Mag_50,0.161944628035113,0.7370074664504205,1.54027379635625,3.67514914175036,7.83922275663459,76.367
3917130,DS_Mag_90,0.5748495627890335,1.5975847287357698,4.379855924088765,11.1867003962466,26.1747461497124,76.367
3917130,DS_Tim,194,245.23125,296,328.60625,352.345,76.367
3917130,FA_Dur,3,4.69791666666667,8.433333333333335,16.6666666666667,21,76.367
3917130,FA_Mag,3.7190147125712,6.620791252878475,14.0713740556957,24.98328227000405,44.69823153885085,76.367
3917130,FA_Tim,1,10,35.724999999999994,50.58333333333335,62.504999999999995,76.367
3917130,Peak_10,380.095265914642,994.671320581998,1708.81862153183,2650.61030266507,3555.82338436837,76.367
3917130,Peak_2,51.9786278246664,107.549974393991,251.988826230914,598.84051491745,1635.99877051471,76.367
3917130,Peak_5,240.647733694102,457.157950086964,930.911588657292,1670.03552459346,3143.50844935336,76.367
3917130,SP_Dur,31,62.475,122.45,176.88125,223.03,76.367
3917130,SP_Mag,6.302344850382495,17.842298157641,50.9625487555744,120.705426368347,237.28454492659299,76.367
3917130,SP_Tim,207.4016666666665,233,254,266,283.333333333333,76.367
3917130,Wet_BFL_Dur,32,66.975,111.3375,172.2,234.345,76.367
3917130,Wet_BFL_Mag_10,0.3285436023930925,1.091211633160655,2.630988817979835,5.05373568923301,9.63189737637628,76.367
3917130,Wet_BFL_Mag_50,0.5570236065922405,1.761951521978495,4.480316471787464,11.481108032630349,34.2123142385791,76.367
3917130,Wet_Tim,21.36,63.868750000000006,133.75,171.541666666667,197,76.367
3917136,DS_Dur_WS,64,107.75,173.166666666667,226.625,272.4,1.789
3917136,DS_Mag_50,0.00729192485371377,0.0194673505567883,0.0338750614204961,0.0680965229601051,0.148144396300485,1.789
3917136,DS_Mag_90,0.01178050754479105,0.0323024654012221,0.0810816798005662,0.186314145578742,0.427005049765549,1.789
3917136,DS_Tim,167,220.6875,281.9,325.5,351.615,1.789
3917136,FA_Dur,4,7.2,15.6875,22,28,1.789
3917136,FA_Mag,0.109875555470782,0.224759608583072,0.544975268899751,1.09331922255512,2.5495671052732947,1.789
3917136,FA_Tim,4.98,12.7875,36,50.2333333333333,61.60333333333335,1.789
3917136,Peak_10,2.67131946501477,6.60605405600136,17.2249721464755,36.8656928510013,62.4050802972943,1.789
3917136,Peak_2,0.538139578284122,1.46802105872345,3.79334737412291,9.5159864536562,15.1944709377812,1.789
3917136,Peak_5,2.54808613405129,5.63749781422274,11.53892213006,23.0946706209448,41.2915774106356,1.789
3917136,SP_Dur,33.95,71,143,200.34375,253.808333333333,1.789
3917136,SP_Mag,0.184625555477508,0.762465817155105,2.24097478585478,4.77917619020808,11.2607686743139,1.789
3917136,SP_Tim,185.95,232.475,255,271.4,285.636666666667,1.789
3917136,Wet_BFL_Dur,32.18,63.4,129.55,218.41250000000002,264.22,1.789
3917136,Wet_BFL_Mag_10,0.00824325196059455,0.0246958295273247,0.0600059945243159,0.127900469958881,0.243431915021072,1.789
3917136,Wet_BFL_Mag_50,0.0163591184309709,0.0469591853298675,0.0936829228264298,0.275827825658279,0.879353651279038,1.789
3917136,Wet_Tim,27,84.2875,150,184.75,207.51,1.789
3917138,DS_Dur_WS,61,98,172.51666666666648,231,284,0.119
3917138,DS_Mag_50,5.1874014598733e-4,0.00131203266979962,0.00228965398359517,0.00476600733684029,0.0105618752692677,0.119
3917138,DS_Mag_90,8.721889643687e-4,0.00241555707848339,0.00582550072731342,0.0133517784335197,0.029636357865733,0.119
3917138,DS_Tim,161.64,217.425,280.8,325,352.775,0.119
3917138,FA_Dur,4,7.33333333333333,16.3333333333333,23,28,0.119
3917138,FA_Mag,0.0078775558461712,0.01712303195032975,0.041953142869401903,0.0727249790296583,0.194084263374293,0.119
3917138,FA_Tim,5,13,36,50,61.5,0.119
3917138,Peak_10,0.17768977995347,0.43941891149478,1.14585763053083,2.44210353499971,4.15103664358749,0.119
3917138,Peak_2,0.0357957573034156,0.0976492487356569,0.253592264150736,0.632980652870368,1.0225901872325,0.119
3917138,Peak_5,0.169492593600952,0.37499286746367,0.873604717633962,1.56123419491999,2.74661694346877,0.119
3917138,SP_Dur,34,70,141.5,199.333333333333,255.033333333333,0.119
3917138,SP_Mag,0.0178569019654892,0.0852280414230218,0.2490239266145745,0.5523752214400075,1.24189362073073,0.119
3917138,SP_Tim,176.4,232,255,271.35,285.606666666667,0.119
3917138,Wet_BFL_Dur,33.5,64.9375,132.5,220,267,0.119
3917138,Wet_BFL_Mag_10,5.3967152597792e-4,0.00161485274498344,0.00397695119531626,0.00862416268271396,0.0160767384657479,0.119
3917138,Wet_BFL_Mag_50,0.00119511205402842,0.00326013589229657,0.00632150399709774,0.0186707503046791,0.0588506195898682,0.119
3917138,Wet_Tim,27.3,86.7875,152.225,186.5,210.6,0.119
3917154,DS_Dur_WS,65,110,175.25,224.875,271.35,9.164
3917154,DS_Mag_50,0.031076305050417953,0.09655427354466,0.170263544619648,0.332763833183503,0.730416464423996,9.164
3917154,DS_Mag_90,0.0598677269741207,0.165621888401306,0.388216632008198,0.947537202322559,2.18188621439304,9.164
3917154,DS_Tim,173,232,290,328.625,355.05,9.164
3917154,FA_Dur,3.33333333333333,6,11.575,20,23,9.164
3917154,FA_Mag,0.47558718403654154,0.9436481404657195,2.257947736196825,4.252580976968345,8.095443223426361,9.164
3917154,FA_Tim,4.366666666666665,12.3333333333333,36,50.025,61.647499999999994,9.164
3917154,Peak_10,12.6517456524625,28.1483818093171,63.7518780795856,168.812830982063,319.664704217107,9.164
3917154,Peak_2,2.75657411704623,7.51981273456773,19.4310985670555,48.7448294361685,76.3677535340397,9.164
3917154,Peak_5,13.1265434145056,28.8776019952695,56.223905997637,107.91027200813,200.403388209233,9.164
3917154,SP_Dur,32.18833333333335,70,141.1,195.725,249.3525,9.164
3917154,SP_Mag,0.683766697913238,2.72836378479597,8.65670231877119,21.3406798856275,47.1508887903091,9.164
3917154,SP_Tim,197.675,233,255.2,271.333333333333,285.666666666667,9.164
3917154,Wet_BFL_Dur,31,59.5,122,205.8375,257,9.164
3917154,Wet_BFL_Mag_10,0.0433985565930904,0.124683933416915,0.300733021228177,0.606445635629674,1.07714677651063,9.164
3917154,Wet_BFL_Mag_50,0.08448591603156025,0.240544423903245,0.47932957433235346,1.36018227353488,4.07715441054056,9.164
3917154,Wet_Tim,24.225,79.4375,147.25,184,205.333333333333,9.164
3917156,DS_Dur_WS,63.975,107.75,172.40833333333347,224.5625,271.8,3.18
3917156,DS_Mag_50,0.0135061321998922,0.0346057028961228,0.0603196208316455,0.11942314866402,0.25939207792331753,3.18
3917156,DS_Mag_90,0.0224093135255642,0.0592500599469427,0.140774211298535,0.3299694616848895,0.757136420970085,3.18
3917156,DS_Tim,167,222.5,283.291666666667,325.7,352,3.18
3917156,FA_Dur,4,7,15.45,22.025,28,3.18
3917156,FA_Mag,0.189565317154522,0.387942398649406,0.941530063698832,1.94340700264129,3.8697927852085847,3.18
3917156,FA_Tim,5,13,36.45,50.2333333333333,61.6066666666667,3.18
3917156,Peak_10,4.74834874161374,11.7424549458269,30.7451354141847,68.3123157583999,110.926861568136,3.18
3917156,Peak_2,1.06413921393702,2.60945051243184,6.74278627708824,17.5468900692375,27.3345664794552,3.18
3917156,Peak_5,4.52929787942041,10.0208178028107,19.7355204193794,37.4459477287051,68.6407111710836,3.18
3917156,SP_Dur,33.5,70,141.225,198.65,253,3.18
3917156,SP_Mag,0.30333214182002255,1.21297948247322,3.77727124199517,7.56656435148835,19.2133905728286,3.18
3917156,SP_Tim,190.245,233,255,271.4,285.675,3.18
3917156,Wet_BFL_Dur,32,62,129.4,217.85,262.666666666667,3.18
3917156,Wet_BFL_Mag_10,0.0153052402428467,0.0438975617087158,0.105931628656638,0.220227733236284,0.42768548016635,3.18
3917156,Wet_BFL_Mag_50,0.03040706573967605,0.083926947255120607,0.166557678465971,0.490292054551887,1.559004375229005,3.18
3917156,Wet_Tim,27,83.28125,147.65833333333302,184.71875,208,3.18
3917158,DS_Dur_WS,63,104.31666666666649,172.366666666667,227.5,277.85,2.151
3917158,DS_Mag_50,0.00925540672037999,0.0234855821174276,0.0409986285779068,0.0803223088521336,0.171933856086545,2.151
3917158,DS_Mag_90,0.0148006639685302,0.0402501188848098,0.1017173387916985,0.228587925292969,0.514220781139984,2.151
3917158,DS_Tim,161.94,220,284.775,327.78125,353.775,2.151
3917158,FA_Dur,4,7.33333333333333,16,23,28,2.151
3917158,FA_Mag,0.131867442143842,0.272480585461285,0.67368293573775,1.31454983103189,3.06662895380634,2.151
3917158,FA_Tim,4.8,12.6666666666667,36,50,61.5,2.151
3917158,Peak_10,3.5109067707551,7.94277376996027,20.7964736716702,44.1425605360031,75.0326035324092,2.151
3917158,Peak_2,0.719799826785702,1.76507171454115,4.5838400015818,11.8689813015503,22.0995677678296,2.151
3917158,Peak_5,3.06368545240041,6.77823241944836,13.8737962558743,25.3290042655487,47.0392501132759,2.151
3917158,SP_Dur,33.5,70.6,141.583333333333,199,253,2.151
3917158,SP_Mag,0.260044877171216,1.19544492804557,3.6259364975051946,7.506672161413565,19.1927778753339,2.151
3917158,SP_Tim,182.08,232.4,255,271.333333333333,285.606666666667,2.151
3917158,Wet_BFL_Dur,32.79,64,132.333333333333,219,264.22,2.151
3917158,Wet_BFL_Mag_10,0.00989561968153563,0.0292661655150353,0.07103989681230174,0.149454160042395,0.290595827272686,2.151
3917158,Wet_BFL_Mag_50,0.0197104493378691,0.0570618284149676,0.11261622031329,0.326751949256826,1.0545340915464099,2.151
3917158,Wet_Tim,27,79,146.1958333333335,187.2,218,2.151
3917160,DS_Dur_WS,63,104.6770833333335,171.566666666667,227,277.01,5.33
3917160,DS_Mag_50,0.0221521041415188,0.0579702596771783,0.100142154922521,0.195709814656295,0.424661075000748,5.33
3917160,DS_Mag_90,0.03467405157837925,0.0928110756429337,0.23250925992021,0.5382474818639664,1.2741965427597,5.33
3917160,DS_Tim,162.45,220.25,284.775,328.13125,353.375,5.33
3917160,FA_Dur,4,7.2,15.65,22.5,28,5.33
3917160,FA_Mag,0.317330310876534,0.643358031178308,1.5685386543166149,3.25734569939562,6.88244995367255,5.33
3917160,FA_Tim,5,12.6666666666667,36.4,50,61.6,5.33
3917160,Peak_10,8.6256338295987,19.6815361198923,51.5319408042782,109.381612113852,185.924582439675,5.33
3917160,Peak_2,1.78360440574979,4.37370164505083,11.3583762010372,29.4103534808289,54.7609001406471,5.33
3917160,Peak_5,7.59155902431156,16.7958990216921,34.3781190347791,62.7631765389932,116.559369178875,5.33
3917160,SP_Dur,33.5,71,141.5,197.55,251.75,5.33
3917160,SP_Mag,0.570053859211966,2.51843777430778,7.9027063808861,17.6551087814209,44.5077429606762,5.33
3917160,SP_Tim,194.9,233,255,271.425,285.75,5.33
3917160,Wet_BFL_Dur,32,62.5833333333333,131.4,218.4,262.9975,5.33
3917160,Wet_BFL_Mag_10,0.024171842298003,0.0718207849082028,0.171339995401697,0.352723181788101,0.613610067030575,5.33
3917160,Wet_BFL_Mag_50,0.0480673938644337,0.139433152652199,0.27750518976119,0.805135951661633,2.6062222178628,5.33
3917160,Wet_Tim,26.565,77.5625,144.4,185.53125,218,5.33
3917162,DS_Dur_WS,81.1125,133,186.55,225.3416666666665,262.90999999999997,85.562
3917162,DS_Mag_50,0.181732643037302,0.8194927377464449,1.79217290035239,4.2717462355022,8.78310759232612,85.562
3917162,DS_Mag_90,0.650734190081791,1.82181314470708,5.08545012790178,12.64789998585345,28.9906766337667,85.562
3917162,DS_Tim,194,246,295.3958333333335,328,350.8775,85.562
3917162,FA_Dur,3,4.5375,8,16,20.7125,85.562
3917162,FA_Mag,3.86186642766403,7.15490831486408,14.80888951663605,26.445036675754253,46.4745213029229,85.562
3917162,FA_Tim,1,10,35.95,50.85,62.6366666666667,85.562
3917162,Peak_10,425.860792517562,1111.48744899257,1914.56962949319,2749.27735809464,3634.86102443516,85.562
3917162,Peak_2,58.2371358562483,120.499573233185,282.685778117172,670.9441530683,1832.98187440622,85.562
3917162,Peak_5,269.623022906946,523.951166341049,1104.54231842889,1871.1168378392,3522.00387528084,85.562
3917162,SP_Dur,31.35916666666665,61.443749999999994,120.3,175,222,85.562
3917162,SP_Mag,7.005307277936945,19.8894172215931,56.77000680200135,133.604791218021,264.161431977216,85.562
3917162,SP_Tim,208,233,254,266,283.25,85.562
3917162,Wet_BFL_Dur,31.98,66.975,109.18333333333351,168,224.26,85.562
3917162,Wet_BFL_Mag_10,0.3630003192122575,1.26036281645141,3.03438716497201,5.68404298252747,10.6498511832543,85.562
3917162,Wet_BFL_Mag_50,0.639635069361937,2.04597267064042,5.254770609601655,12.924145073746999,38.3837921579918,85.562
3917162,Wet_Tim,20.845833333333353,63.59375,133.1875,170.5,196.265,85.562
3917164,DS_Dur_WS,63.25,106.5,173,227,276,9.275
3917164,DS_Mag_50,0.0357532385960377,0.0982771606370151,0.172447579329819,0.338288498594853,0.735638200839143,9.275
3917164,DS_Mag_90,0.05878694970172725,0.151194635266813,0.3892888882606515,0.925377940132741,2.21729323341392,9.275
3917164,DS_Tim,170.45,226.16875,283.833333333333,325.5,350.38,9.275
3917164,FA_Dur,3.66,6.33333333333333,12.6666666666667,20,26.11,9.275
3917164,FA_Mag,0.53002774375978,1.0473665149034601,2.52340031441898,5.159937342989,8.21323898041234,9.275
3917164,FA_Tim,4.704166666666665,12.5,36.28333333333335,50,61.6,9.275
3917164,Peak_10,12.8049913712997,29.7071711199829,64.5240800074377,170.857595739703,323.536679573731,9.275
3917164,Peak_2,3.07236178027307,7.61089732792619,19.7459377059428,51.1784293686094,79.7018822401798,9.275
3917164,Peak_5,13.2104521483095,29.2273852581978,57.5619345565233,109.217347542057,194.047269312965,9.275
3917164,SP_Dur,32.98,68.78333333333336,140.1,195.075,251,9.275
3917164,SP_Mag,0.7532224347870811,2.94756963065566,9.559215881392994,22.0691460251743,51.75465652997125,9.275
3917164,SP_Tim,197,233,255.1,271.4,285.755,9.275
3917164,Wet_BFL_Dur,31.97,60.975,127.291666666667,215.85,257.815,9.275
3917164,Wet_BFL_Mag_10,0.0420626336423973,0.124978945595419,0.2942833435679345,0.602348347036232,1.04937063120892,9.275
3917164,Wet_BFL_Mag_50,0.0836444799423306,0.242634613667756,0.48278455034698553,1.3819749949109998,4.23093333460126,9.275
3917164,Wet_Tim,24.9333333333333,74.86875,141,184.025,209.935,9.275
3917172,DS_Dur_WS,63.975,108,173.7166666666665,224.1125,272.3875,8.114
3917172,DS_Mag_50,0.0294176862627999,0.0859752971869262,0.151242331931483,0.297934228165324,0.646726232249706,8.114
3917172,DS_Mag_90,0.051660159847982653,0.13733507087622948,0.343303856330389,0.810592762609688,1.93188833954442,8.114
3917172,DS_Tim,171.8083333333335,231,288.05,328.05,354.6233333333335,8.114
3917172,FA_Dur,3.6,6.33333333333333,12.6708333333333,20,28,8.114
3917172,FA_Mag,0.45321351455425796,0.877001976223521,2.18399678381876,4.41881907796778,7.18514513068094,8.114
3917172,FA_Tim,4.745833333333335,12.5,36,50,61.6,8.114
3917172,Peak_10,11.2021239877871,25.9885699695464,56.4472652485552,149.47046165304,283.0379103031,8.114
3917172,Peak_2,2.44072919966315,6.65820171631193,17.2047068717906,43.1597060284888,67.6176290020949,8.114
3917172,Peak_5,11.6159511115629,25.5688414000019,49.7818390729842,95.5460439845011,170.270248835738,8.114
3917172,SP_Dur,32.795,69.7,141,196,251.16250000000002,8.114
3917172,SP_Mag,0.632031158905529,2.5412857613039552,7.978094661909346,19.3066362100555,44.4600130742044,8.114
3917172,SP_Tim,197.3375,233,255.2,271.4,285.75,8.114
3917172,Wet_BFL_Dur,31,60,127,212.93125,257,8.114
3917172,Wet_BFL_Mag_10,0.0390524274624082,0.110927747461115,0.262014051237812,0.535906375453597,0.942803195352219,8.114
3917172,Wet_BFL_Mag_50,0.0727592436857891,0.211631376014698,0.422453491505122,1.21526841352893,3.64114667777901,8.114
3917172,Wet_Tim,25,80.3,147,184,206.25,8.114
3917176,DS_Dur_WS,84.97,133.5,185.91666666666652,223.177083333333,256.82,122.455
3917176,DS_Mag_50,0.194369049157727,1.10770754891807,2.6756281289199553,6.148611702849941,12.5702466073525,122.455
3917176,DS_Mag_90,0.9131478006703819,2.60904954902107,7.44431558305609,18.0541364316913,41.4711121121936,122.455
3917176,DS_Tim,200,251.791666666667,294.454166666667,327.625,350,122.455
3917176,FA_Dur,2.75,4,7.633333333333335,15,20.2,122.455
3917176,FA_Mag,5.04444361943866,9.82339241174105,18.53193445707215,31.984491362026848,54.1915641802931,122.455
3917176,FA_Tim,1,10.79375,37.62916666666665,50.83333333333335,62.2766666666667,122.455
3917176,Peak_10,702.503503450795,1638.44251593356,2740.10219466105,4098.42686089214,5260.3081796334,122.455
3917176,Peak_2,83.3480805880751,172.457109935131,383.419813650571,963.493625592532,2623.33507199941,122.455
3917176,Peak_5,407.196587148141,953.462114810541,1706.86735006826,2826.36115808797,5040.63701815661,122.455
3917176,SP_Dur,33.53,59.7291666666667,111.4875,164.29166666666652,199.195,122.455
3917176,SP_Mag,10.040068713658524,27.751402419829603,69.58494062861595,191.21309352987,418.545586168537,122.455
3917176,SP_Tim,209.33749999999998,233,252.5,264,281.8,122.455
3917176,Wet_BFL_Dur,35.8975,69.8375,109.3375,165.53125,216.0325,122.455
3917176,Wet_BFL_Mag_10,0.573832464067987,2.033603307385375,4.666171580034515,8.53441380953115,15.941299636867399,122.455
3917176,Wet_BFL_Mag_50,1.300078844668985,3.82600569116315,9.225646436319455,19.2476739430583,54.0094548185633,122.455
3917176,Wet_Tim,19.69333333333335,60,130,165.8125,191.2583333333335,122.455
3917178,DS_Dur_WS,83.70416666666671,133.84375,186.05,225,259.666666666667,109.585
3917178,DS_Mag_50,0.173940894630268,0.9725056974915776,2.31000637489181,5.50296375507748,11.2491157932851,109.585
3917178,DS_Mag_90,0.822209023450325,2.338805494246,6.66191926151812,16.3273840168026,37.1125051718161,109.585
3917178,DS_Tim,198.99,251.2375,295.225,328,350,109.585
3917178,FA_Dur,2.8,4.28125,8,15.52083333333335,20.405,109.585
3917178,FA_Mag,4.51177125896811,8.6811979944776,16.73193185545065,29.2167858408178,49.4774783250423,109.585
3917178,FA_Tim,1,10.193750000000001,36.724999999999994,50.4625,62.4375,109.585
3917178,Peak_10,571.910362648134,1466.24248179804,2452.11791271839,3803.56868827572,4707.4506705739,109.585
3917178,Peak_2,73.8774785326326,148.652314871336,362.054662057576,859.323239451972,2347.62299510069,109.585
3917178,Peak_5,364.400294007016,836.551440355807,1519.68284088975,2529.31107352963,4510.86691139351,109.585
3917178,SP_Dur,32.837500000000006,60.26666666666665,114.275,167.975,206.91,109.585
3917178,SP_Mag,9.125686358408526,25.7960648218207,67.0826741844399,171.116629410566,390.74778143467347,109.585
3917178,SP_Tim,209.4975,233,253,264.5625,283,109.585
3917178,Wet_BFL_Dur,33.325,67.975,108.9083333333335,165.52083333333348,217,109.585
3917178,Wet_BFL_Mag_10,0.498326699834276,1.730466925191975,4.129660100374405,7.448762451826605,14.11296711522115,109.585
3917178,Wet_BFL_Mag_50,1.059921149232225,3.173189414966165,7.69075992704597,17.069541481685697,48.5607194634876,109.585
3917178,Wet_Tim,20,63,131.633333333333,168,194.28500000000003,109.585
3917194,DS_Dur_WS,65,116.15,179.75,228,272.14583333333303,19.2
3917194,DS_Mag_50,0.0529463202590819,0.191902602262764,0.345965631045863,0.678086789623395,1.54883433054446,19.2
3917194,DS_Mag_90,0.114501064604124,0.290044294318299,0.736845184213342,1.91560716447964,4.31828268890832,19.2
3917194,DS_Tim,184.4041666666665,241.58333333333348,298,331.5,358,19.2
3917194,FA_Dur,3,5.8,10,19,22,19.2
3917194,FA_Mag,0.853694319652291,1.67193423169071,3.81936459024671,7.14078519522335,13.226607386897701,19.2
3917194,FA_Tim,3.8833333333333346,12,36.29166666666665,51.241666666666646,62,19.2
3917194,Peak_10,26.5073675826365,46.9893748419243,129.206765039071,353.689039159277,666.743536114149,19.2
3917194,Peak_2,5.775449917862,15.7551729052488,40.7111624277024,102.127970883286,163.070901065063,19.2
3917194,Peak_5,27.3467041776325,60.4072663082147,117.573950979969,226.088741003503,401.69353863169,19.2
3917194,SP_Dur,29,64.73125,134.20833333333348,186.44791666666652,238.64,19.2
3917194,SP_Mag,1.44876078313019,4.318631277151081,14.9827144481397,34.0986088224195,58.8427007537163,19.2
3917194,SP_Tim,200,233,255,271,285.41999999999996,19.2
3917194,Wet_BFL_Dur,32,62,122.35,206,256,19.2
3917194,Wet_BFL_Mag_10,0.0871651035832901,0.264113164796766,0.603359476016859,1.23959886138511,2.1635275174146398,19.2
3917194,Wet_BFL_Mag_50,0.14812599385201553,0.41857936341596,0.9562693621660769,2.84088264015896,8.50815178810021,19.2
3917194,Wet_Tim,23.695833333333347,73.875,147,183.71875,205,19.2
3917198,DS_Dur_WS,85.5,130.625,181.9375,221,254,155.147
3917198,DS_Mag_50,0.709386116521723,2.03957652621959,5.64982980379439,12.83471474589795,30.7702062625414,155.147
3917198,DS_Mag_90,1.081199347497295,3.2390139839836998,9.38641313708375,22.5023719905075,52.542718801768,155.147
3917198,DS_Tim,209.015,255.4666666666665,295.2,327,348.275,155.147
3917198,FA_Dur,2.66666666666667,4,7,13.925,20,155.147
3917198,FA_Mag,6.213401399859805,11.9330799396523,22.2632555549023,38.41834660628105,67.04884950254205,155.147
3917198,FA_Tim,1.2475,11.52083333333335,38,50.4625,62.2991666666667,155.147
3917198,Peak_10,809.692722852307,1768.2866694381,2858.01007075231,5187.06803313219,6590.98412096541,155.147
3917198,Peak_2,105.599646065886,210.457276957094,473.049135251178,1216.60284374007,3323.69087759169,155.147
3917198,Peak_5,515.906487332265,1146.20780719722,2041.99971798991,3125.93061398732,5314.68350094203,155.147
3917198,SP_Dur,34,58.16875,105.62916666666649,156.5,191.85,155.147
3917198,SP_Mag,11.00574270302435,27.3913301396774,71.36481025584155,177.0757049070475,329.959036023552,155.147
3917198,SP_Tim,210,232.2375,250,261.425,276,155.147
3917198,Wet_BFL_Dur,42.1125,74,112,169.7125,215.91,155.147
3917198,Wet_BFL_Mag_10,0.8460964230342249,2.831978614422545,6.492486846381331,11.7259968990641,20.899429486701848,155.147
3917198,Wet_BFL_Mag_50,1.692109488712775,4.99470307399843,11.99503524755535,24.6577567993723,64.35859344777654,155.147
3917198,Wet_Tim,18.15,56.525000000000006,127.95,162.85,187.636666666667,155.147
3917200,DS_Dur_WS,85.73333333333335,130.96875,182,221.05,253.6433333333335,165.915
3917200,DS_Mag_50,0.758621162656717,2.207143895218385,6.425003154275135,13.8577119413279,32.9065808070232,165.915
3917200,DS_Mag_90,1.25855636281609,3.58270739707042,10.0543893778464,23.62959782188965,56.1894538082937,165.915
3917200,DS_Tim,209.89499999999998,255.9375,293.95,324.5,346.135,165.915
3917200,FA_Dur,2.663333333333335,4,7,13.13541666666665,20,165.915
3917200,FA_Mag,6.254207426881065,12.502087718355,23.205351028866,40.9974824712199,71.71978133049964,165.915
3917200,FA_Tim,1.366666666666665,11,38.65,50.55,62.02,165.915
3917200,Peak_10,865.889563523887,1927.16171443115,3405.03096720073,5787.5566783262,7590.41799795777,165.915
3917200,Peak_2,119.033338493215,231.51338839945,505.88117897993,1275.59615714531,3343.77167244599,165.915
3917200,Peak_5,535.859972749189,1225.76052602452,2158.52211101001,3216.59461568474,5063.00939509796,165.915
3917200,SP_Dur,34,58,104.525,154.13541666666652,190.025,165.915
3917200,SP_Mag,10.936310322714501,27.44499949494965,72.4370118117737,175.752095880875,336.719630622913,165.915
3917200,SP_Tim,207.485,231,248.6791666666665,259.93125,273.8775,165.915
3917200,Wet_BFL_Dur,43.86416666666665,75.30416666666665,112.73333333333349,169.29375,215.3166666666665,165.915
3917200,Wet_BFL_Mag_10,1.00839174837947,3.265569955765535,7.15754534620996,12.85997786972,23.1147213454828,165.915
3917200,Wet_BFL_Mag_50,1.8331566083760151,5.478469557278035,12.8501803498858,26.1516564370762,68.5179817435921,165.915
3917200,Wet_Tim,18.18,54.70833333333335,127,161.80624999999998,186.4133333333335,165.915
3917230,DS_Dur_WS,63,104.383333333333,171.566666666667,227.425,278.1,2.815
3917230,DS_Mag_50,0.0117707614117871,0.0306336646706244,0.0524909287787229,0.101919283894207,0.206627610168457,2.815
3917230,DS_Mag_90,0.0190497578219499,0.05092606575436,0.1290088021081715,0.281661919182893,0.63312321714984,2.815
3917230,DS_Tim,160.975,219.3,284,328.05,354.06,2.815
3917230,FA_Dur,4,7.4,16,23,28,2.815
3917230,FA_Mag,0.1734903536304475,0.356775485712081,0.897158272744497,1.72034299133183,4.01327778008593,2.815
3917230,FA_Tim,4.7725,12.6,36,50,61.5,2.815
3917230,Peak_10,4.59470132946336,10.3946574441832,27.8865643216945,57.7690878237326,98.1946903504099,2.815
3917230,Peak_2,1.12860869839142,2.30993811084768,5.99884221499431,15.5328602342464,29.3559456746285,2.815
3917230,Peak_5,4.00942563854353,8.87062959588431,20.6655233625177,36.9317164596621,64.9724932425597,2.815
3917230,SP_Dur,32.795,69.375,141.325,196.625,251.75,2.815
3917230,SP_Mag,0.347888094367072,1.66665230499146,5.203389570443945,10.21921509816425,29.266063320741353,2.815
3917230,SP_Tim,181.54000000000002,232.38125000000002,255,271.333333333333,285.666666666667,2.815
3917230,Wet_BFL_Dur,32.98,64,133.533333333333,219.333333333333,263.26,2.815
3917230,Wet_BFL_Mag_10,0.0129707961258098,0.0388331970021452,0.0891343791055427,0.19626331247891549,0.380300908308978,2.815
3917230,Wet_BFL_Mag_50,0.0223269168233119,0.0640470389854246,0.144374689565298,0.437756950823808,1.37645694995943,2.815
3917230,Wet_Tim,27.76,79,146.833333333333,187.616666666667,218,2.815
3917244,DS_Dur_WS,79.37,123.2375,179,220.6625,252.45,200.814
3917244,DS_Mag_50,1.13273874960373,3.1976819332189903,9.29726669222527,19.406858035474,42.55687197251355,200.814
3917244,DS_Mag_90,1.39611008681885,4.06175251371581,12.1599718929034,26.9480182169629,63.72641664099415,200.814
3917244,DS_Tim,215.47,258.7875,293.2625,321.6875,343,200.814
3917244,FA_Dur,2.5,3.75,6.75,12,20,200.814
3917244,FA_Mag,7.882249823387025,15.020214685573801,27.3408003330394,49.02135245979805,85.1125017165073,200.814
3917244,FA_Tim,2,12.266666666666652,38,50,62,200.814
3917244,Peak_10,1044.85529141841,1992.30362253563,3335.73351531695,6299.19196489165,7531.631676012,200.814
3917244,Peak_2,144.071125794391,282.81247866166,574.085461079601,1543.9084272126,3275.35660852991,200.814
3917244,Peak_5,632.805190645794,1312.86597082956,2409.47045465526,3695.07451998741,5605.32205071223,200.814
3917244,SP_Dur,35.58583333333335,59.86458333333335,103,149.86875,185,200.814
3917244,SP_Mag,11.524407991682999,31.31342713074365,82.79620189072534,187.505404895509,374.834984647206,200.814
3917244,SP_Tim,198.095,221.22916666666652,239.27083333333348,254.16666666666652,263.6,200.814
3917244,Wet_BFL_Dur,48.57,78,117.9,174,215.82,200.814
3917244,Wet_BFL_Mag_10,1.29459129204611,4.575875959275515,9.24827157794476,16.0812012012012,28.16804757217205,200.814
3917244,Wet_BFL_Mag_50,2.14197661342593,6.5489702186514105,15.96198350052425,31.4663899416028,76.8419272001358,200.814
3917244,Wet_Tim,16.225,41,113.75,153,178,200.814
3917912,DS_Dur_WS,83.6,133.75,187,225.1916666666665,260.636666666667,100.196
3917912,DS_Mag_50,0.159038024167307,0.9142041620378201,2.11028527079141,5.028076069840175,10.285316476014,100.196
3917912,DS_Mag_90,0.7478967034160815,2.1343251709193947,6.065637637187125,14.8889285749101,33.9327879563379,100.196
3917912,DS_Tim,197,248.725,295.3333333333335,328.0625,350.7525,100.196
3917912,FA_Dur,2.8,4.33333333333333,8,15.9,20.5,100.196
3917912,FA_Mag,4.380063350175956,8.370642967573945,16.75354663580595,28.8556942871043,51.10226291286945,100.196
3917912,FA_Tim,1,10.26875,36.51666666666665,50.4,62.35833333333335,100.196
3917912,Peak_10,501.259928830262,1301.58944904584,2242.02588294687,3318.14808257651,4256.54537299625,100.196
3917912,Peak_2,67.5478198572401,135.916113891941,331.03462079227,785.698328239538,2158.78872774276,100.196
3917912,Peak_5,315.737692003277,614.732702459541,1293.45646592297,2191.14119216634,4124.38582884504,100.196
3917912,SP_Dur,32.32916666666665,60.625,116.85,171.075,214.04000000000002,100.196
3917912,SP_Mag,8.35443249065565,23.5859151424661,65.1191778615256,156.455735734097,363.4015527407655,100.196
3917912,SP_Tim,209.225,233,253,265,283,100.196
3917912,Wet_BFL_Dur,32.47,66.77708333333334,109.18333333333351,165.5583333333335,217.515,100.196
3917912,Wet_BFL_Mag_10,0.4524860276670845,1.54946261501585,3.6781276239784,6.73391393639692,12.89783483978565,100.196
3917912,Wet_BFL_Mag_50,0.8164817216203191,2.66089474829989,6.560001772361845,15.33221545003145,44.5212476324955,100.196
3917912,Wet_Tim,20.39166666666665,63,132.48333333333352,169.025,195.2,100.196
3917914,DS_Dur_WS,70.5,124.05625,182.83333333333348,225.925,265.7075,31.534
3917914,DS_Mag_50,0.0669778308774723,0.307518614472296,0.5641326376822771,1.10457152500326,2.63053968809964,31.534
3917914,DS_Mag_90,0.196464757627358,0.4878995646709085,1.21920391261957,3.14618522524484,6.74852498581647,31.534
3917914,DS_Tim,184.4041666666665,241,296.0625,330.85,357,31.534
3917914,FA_Dur,3,5.5,10,19,21.4,31.534
3917914,FA_Mag,1.438739828874195,2.72386398920651,6.060458794440355,11.1260087137095,19.2715083085819,31.534
3917914,FA_Tim,3,12,37.525,53,62.91,31.534
3917914,Peak_10,43.5355900703572,77.1751534513146,205.925395991685,575.007205136788,968.879654789893,31.534
3917914,Peak_2,12.6428229822646,27.0271806097834,63.5697567416556,142.614047866568,218.868620287337,31.534
3917914,Peak_5,33.5596790605349,94.8211723669853,188.772883549731,371.327206187732,635.352897455163,31.534
3917914,SP_Dur,28.585,63.193749999999994,131.64583333333348,183.51875,233.075,31.534
3917914,SP_Mag,2.34263525600449,6.75173895779073,21.921998680410148,53.356598800242,96.1340813688459,31.534
3917914,SP_Tim,201,233,254.5,270,285,31.534
3917914,Wet_BFL_Dur,32,63.73333333333335,125.3666666666665,208.40625,256.525,31.534
3917914,Wet_BFL_Mag_10,0.143008419329311,0.434892716473045,1.00890002532449,2.01609862138059,3.54192134159321,31.534
3917914,Wet_BFL_Mag_50,0.232172800647911,0.691705223358695,1.577616922166475,4.47847743625601,13.6565874301677,31.534
3917914,Wet_Tim,22,65,138.14999999999998,180,202,31.534
3917916,DS_Dur_WS,75.975,128.15,184.64166666666648,226.425,263.066666666667,40.55
3917916,DS_Mag_50,0.0860060943978867,0.392996863458181,0.727252342174519,1.4381580544553598,3.51131931300762,40.55
3917916,DS_Mag_90,0.266502808656344,0.739823415693253,1.677524481462965,4.0457224228984,8.95388034367331,40.55
3917916,DS_Tim,184.708333333333,240.766666666667,296,330,354.0375,40.55
3917916,FA_Dur,3,5,9.5,18.725,21,40.55
3917916,FA_Mag,1.87309104573721,3.50768526912757,7.56880678479175,13.82481642082695,24.7814949550642,40.55
3917916,FA_Tim,1.59,11,35,50.375,62,40.55
3917916,Peak_10,149.734763538768,359.917438062409,746.983882182743,1152.38450309174,1520.41252908952,40.55
3917916,Peak_2,20.2286121144923,46.9849618524346,86.4131622799358,215.692146839441,296.22991480319,40.55
3917916,Peak_5,121.931836731187,194.56226440468,413.253814303649,633.401067153244,1154.59327923161,40.55
3917916,SP_Dur,28.396666666666647,63.18125,129.8166666666665,182.5375,232.525,40.55
3917916,SP_Mag,3.083267484355665,8.79465002290137,27.9352970851007,65.8228753103275,112.024240975639,40.55
3917916,SP_Tim,201.9675,233,254.4,269.13125,285,40.55
3917916,Wet_BFL_Dur,32.15,65.44999999999999,126.45,207.2625,256.20000000000005,40.55
3917916,Wet_BFL_Mag_10,0.183896473768109,0.564320502157957,1.30106156187046,2.5764371676516946,4.5533658974791,40.55
3917916,Wet_BFL_Mag_50,0.298554165861382,0.9045471355387316,2.03891465431808,5.58536698105299,17.3267874316859,40.55
3917916,Wet_Tim,22,64,135.2,176.875,200.183333333333,40.55
3917918,DS_Dur_WS,87,131.61875,183,221.2,253.025,144.846
3917918,DS_Mag_50,0.229909593681762,1.273998314512035,3.264636352825165,7.226147942745611,14.8548950858072,144.846
3917918,DS_Mag_90,1.03529707410181,3.025497504062315,8.79974918061283,21.20132893804975,49.0541399289764,144.846
3917918,DS_Tim,205.82999999999998,254.33333333333348,295.2375,327.5625,350,144.846
3917918,FA_Dur,2.66666666666667,4,7.2,14.10625,20,144.846
3917918,FA_Mag,5.886075299067485,11.5292838869021,21.31053580352295,37.102633463492694,63.67491588387615,144.846
3917918,FA_Tim,1,11,38,50.7125,62.5,144.846
3917918,Peak_10,755.933096574637,1802.45890935054,2972.51200529889,4842.67215174683,6153.37509578242,144.846
3917918,Peak_2,98.5883473999453,196.483945794165,446.901804934592,1135.82638081544,3103.01410182374,144.846
3917918,Peak_5,481.652826442854,1078.60878087828,1930.40476758003,2814.94709194893,4703.86388781465,144.846
3917918,SP_Dur,33.966666666666654,57.6875,106.3,158.7625,192.765,144.846
3917918,SP_Mag,10.62754036694955,26.3258244629259,71.1899993461107,174.2438422758965,313.031510305136,144.846
3917918,SP_Tim,210.225,233,251,262.425,277.53333333333353,144.846
3917918,Wet_BFL_Dur,40.285,72.3125,110.85,168.90625,216.03,144.846
3917918,Wet_BFL_Mag_10,0.7643205472874111,2.593755077757145,5.847565980498334,10.552468593209849,19.5576655815843,144.846
3917918,Wet_BFL_Mag_50,1.60746878773761,4.66154351265902,11.165817601353499,22.8307436234502,61.5933166621965,144.846
3917918,Wet_Tim,18.33,57.24375,128.575,163.5125,188,144.846
3917920,DS_Dur_WS,63,104.86875,171.9,227,277,9.989
3917920,DS_Mag_50,0.0365546021586227,0.10572345554916,0.18466567350291452,0.36144792921301105,0.792268462337704,9.989
3917920,DS_Mag_90,0.0634869538805482,0.161153480650598,0.4142374277384915,0.996614581561828,2.3446151967875,9.989
3917920,DS_Tim,164.75,221.5,285,327.75,352.14,9.989
3917920,FA_Dur,4,7,14.375,21.725,28,9.989
3917920,FA_Mag,0.583670259636314,1.150752326430015,2.79759641138833,5.81353580768814,8.84550341513087,9.989
3917920,FA_Tim,4.66,12.5,36.2,50,61.5,9.989
3917920,Peak_10,13.7907341032789,31.9940627835589,69.4912167325385,184.010406883438,348.442899435256,9.989
3917920,Peak_2,3.3426687446594,8.19679282034011,21.286832996653,55.1182027992495,102.627885835821,9.989
3917920,Peak_5,14.2274077099152,31.4773424629799,64.4283360297202,117.625022598124,208.985247780831,9.989
3917920,SP_Dur,32.760000000000005,69.4,140.45,195.6,250.7,9.989
3917920,SP_Mag,0.972731216669131,4.10555112018232,13.6977921348832,31.0374287227695,79.3712538246867,9.989
3917920,SP_Tim,196.98,233,255.1,271.5,286,9.989
3917920,Wet_BFL_Dur,32,62,128.11666666666702,217,258.835,9.989
3917920,Wet_BFL_Mag_10,0.0453006627982648,0.134689867733005,0.3070350663893445,0.648541955086203,1.12166638594128,9.989
3917920,Wet_BFL_Mag_50,0.0765176057584611,0.22547487996173,0.503595116881074,1.50652680715192,4.55663537243471,9.989
3917920,Wet_Tim,25.64,76.25,141.5625,184.28750000000002,211.3,9.989
3917922,DS_Dur_WS,63.225,105.1875,171.333333333333,227,277,9.736
3917922,DS_Mag_50,0.037516448570681954,0.103161879888084,0.179372925579323,0.351317700082097,0.77220199712883,9.736
3917922,DS_Mag_90,0.0620279297115498,0.160297756868243,0.406049048168182,0.971372466321549,2.2852311098131,9.736
3917922,DS_Tim,162.59,220,284,327.93125,352,9.736
3917922,FA_Dur,4,7,15,22,28,9.736
3917922,FA_Mag,0.5697210358971835,1.13269925832267,2.833410703851175,5.76252526597094,8.62146573728243,9.736
3917922,FA_Tim,4.74166666666667,12.5,36,50,61.5,9.736
3917922,Peak_10,13.4414443116952,29.9053519528058,74.552750681862,179.34981694035,339.617586235024,9.736
3917922,Peak_2,3.90342248225181,7.9891855940366,20.7476830569039,53.722176639653,101.530901274665,9.736
3917922,Peak_5,13.8670579100746,30.6800887195487,71.4740800914643,126.582220083273,224.714811442118,9.736
3917922,SP_Dur,32.49,68.6,140.3,195.15,251,9.736
3917922,SP_Mag,0.984881700689499,4.375861098852505,13.8983550264044,31.7053590634039,78.6898399815666,9.736
3917922,SP_Tim,196,233,255.05,271.5,286,9.736
3917922,Wet_BFL_Dur,32,62,129.25,217.78125,260.53,9.736
3917922,Wet_BFL_Mag_10,0.0441532939237067,0.131253463914708,0.2986106667169745,0.632287170538518,1.09325697602605,9.736
3917922,Wet_BFL_Mag_50,0.0758580239805462,0.221097279967875,0.495329506830266,1.495271404337025,4.46857333461963,9.736
3917922,Wet_Tim,25.8766666666667,76,142,184.666666666667,213.2583333333335,9.736
3917946,DS_Dur_WS,79.97999999999999,124,178.725,220.90625,252.0366666666665,213.614
3917946,DS_Mag_50,1.177595323573955,3.41254946938807,9.831574897986656,20.6179162080044,45.677743326943045,213.614
3917946,DS_Mag_90,1.5689592789917701,4.289943723592446,12.824140590803,28.18149132974905,67.22199211234675,213.614
3917946,DS_Tim,214,256.697916666667,290.1458333333335,317,340.775,213.614
3917946,FA_Dur,2.5,3.75,6.9,12,20,213.614
3917946,FA_Mag,8.269585752099811,16.01171788198125,28.9888565140153,52.1077059774469,89.07626813104974,213.614
3917946,FA_Tim,2.545,12.86458333333335,37.525000000000006,49.8,61.8875,213.614
3917946,Peak_10,1063.20361063143,2056.90110830431,3353.66277880091,6597.63145746652,7767.51535110288,213.614
3917946,Peak_2,153.254302316786,329.856016239875,668.848475547371,1675.07847307837,3484.12972489223,213.614
3917946,Peak_5,673.140557902391,1391.86036082431,2440.34012955329,3930.60069772322,5942.23701306412,213.614
3917946,SP_Dur,36,59.96875,101.708333333333,149.4625,183.59166666666698,213.614
3917946,SP_Mag,12.80342920589775,32.96916536339435,87.9999718836419,201.33749978066402,398.726565060372,213.614
3917946,SP_Tim,183.8725,214,234.35,252,261.27166666666653,213.614
3917946,Wet_BFL_Dur,50,79,119.7916666666665,174.44375,215.1416666666665,213.614
3917946,Wet_BFL_Mag_10,1.36775494508539,4.90354027174835,9.92253738081611,17.1007807189566,30.9721410304573,213.614
3917946,Wet_BFL_Mag_50,2.425870238641235,7.21043578478197,17.8509443420542,33.6700113802224,77.9866452426278,213.614
3917946,Wet_Tim,16.62833333333335,41.95,112,151,175.7875,213.614
3917948,DS_Dur_WS,85.5,130.4125,181.91666666666652,221.616666666667,253.68,169.107
3917948,DS_Mag_50,0.773216098323777,2.2639050451996052,6.315719635047071,13.4110989437437,30.4467833822662,169.107
3917948,DS_Mag_90,1.2893021115581749,3.61448853283788,10.280395862185,23.9715946906233,57.2704696088908,169.107
3917948,DS_Tim,209.16,254.89375,293.125,323.69375,345.115,169.107
3917948,FA_Dur,2.6,4,7,13,20,169.107
3917948,FA_Mag,6.105263449814339,12.5536024694389,23.53925334416155,41.7837344792019,72.1831681230924,169.107
3917948,FA_Tim,1.5,11.32291666666665,38.4791666666667,50.272916666666646,62,169.107
3917948,Peak_10,979.870300118722,2050.40081767736,3784.00605800127,5898.90213182479,7736.44828002679,169.107
3917948,Peak_2,121.323393138487,238.158543871628,536.149952398181,1300.13705419264,3408.10171601316,169.107
3917948,Peak_5,560.711523279944,1249.34264698447,2209.33408126067,3426.10876199377,5685.13680659932,169.107
3917948,SP_Dur,34,57.975,104.8125,153.90625,188.5,169.107
3917948,SP_Mag,10.9805082859595,27.8767025895529,73.82693940520515,178.58722524573602,344.601626227014,169.107
3917948,SP_Tim,207.065,231,248,259.30625,273,169.107
3917948,Wet_BFL_Dur,44.4875,75.19375,112.375,168.875,215.115,169.107
3917948,Wet_BFL_Mag_10,1.013783396378435,3.32580570637923,7.3933586776558755,13.1494157459416,23.696980839731,169.107
3917948,Wet_BFL_Mag_50,1.842942150348285,5.540067906669581,13.180434331928549,26.6547820577082,69.8361832185977,169.107
3917948,Wet_Tim,18,53.95833333333335,126.05,161.025,186,169.107
3917950,DS_Dur_WS,83.97083333333335,128.3125,181.125,221.5625,253.51,185.88
3917950,DS_Mag_50,0.999845983242306,2.82053032889496,7.9785221004921,16.6480585039823,37.5537106041417,185.88
3917950,DS_Mag_90,1.397610249326585,3.89835525564337,11.285462098237701,25.732246802418352,60.38293804808055,185.88
3917950,DS_Tim,211.5666666666665,256.6145833333335,293.05,322.53125,344,185.88
3917950,FA_Dur,2.5,3.76875,7,12.4375,20,185.88
3917950,FA_Mag,7.003027144396195,13.91025894229595,25.6255390932656,46.131153357841555,80.07195322175616,185.88
3917950,FA_Tim,1.8900000000000001,11.8,38.05,50.2520833333333,62,185.88
3917950,Peak_10,970.084393019438,2253.77130449873,3814.76753869917,6483.9890026054,7984.86043387577,185.88
3917950,Peak_2,133.356941561154,261.780471150564,613.349784852126,1457.59915818162,3459.77399967672,185.88
3917950,Peak_5,600.341450348786,1373.25960026181,2265.87198789552,3603.65613213682,5326.89290837553,185.88
3917950,SP_Dur,34.4875,59,105,152.83125,186.41,185.88
3917950,SP_Mag,10.9100973393728,30.15888339268225,78.9613699721227,187.7595136365345,362.082432675616,185.88
3917950,SP_Tim,201,227.25,241.75,255.7125,265.45500000000004,185.88
3917950,Wet_BFL_Dur,46,76.31666666666669,114.625,171.55,215.64249999999998,185.88
3917950,Wet_BFL_Mag_10,1.263781767778275,4.1300335352686055,8.473675431527319,14.907972854186,26.21659636576225,185.88
3917950,Wet_BFL_Mag_50,2.0085256943477647,6.1501584047481845,14.6589467582105,29.1529276170538,74.02009598476656,185.88
3917950,Wet_Tim,16.9875,50.09375,122.1125,157,183.2,185.88
948010089,DS_Dur_WS,63,105.1875,171.333333333333,227,277,10.692
948010089,DS_Mag_50,0.039127220570627,0.112270934817908,0.19671702981490952,0.385426061247865,0.848026268827183,10.692
948010089,DS_Mag_90,0.0680289120118082,0.174530271398748,0.44476152602829755,1.0667537397196,2.50962315387445,10.692
948010089,DS_Tim,163.41,220.15,284.125,327.6875,351.775,10.692
948010089,FA_Dur,4,7,15,22,28,10.692
948010089,FA_Mag,0.6237803917148725,1.25057613448281,3.09050995639283,6.28421663070603,9.4680270812473,10.692
948010089,FA_Tim,4.66,12.5,36,50,61.5,10.692
948010089,Peak_10,14.7612903225807,34.2457222226263,81.8732549599907,196.960583681822,372.965410027205,10.692
948010089,Peak_2,4.28670842032008,8.77366191161045,22.7849452798292,58.997279440342,126.365096538045,10.692
948010089,Peak_5,15.2286958889192,33.6926364615258,78.4922826969944,139.011616385615,246.780070248472,10.692
948010089,SP_Dur,32.44166666666665,68.6,140.05,195,251,10.692
948010089,SP_Mag,1.0629090418796552,4.731317600068865,15.105586862210401,33.82926092131095,86.4165744744156,10.692
948010089,SP_Tim,195.9,233,255.1,271.525,286,10.692
948010089,Wet_BFL_Dur,32,62,129.625,217.58125,260.47,10.692
948010089,Wet_BFL_Mag_10,0.0484888063508908,0.144072764022233,0.327813290029619,0.693996436056242,1.20060636685195,10.692
948010089,Wet_BFL_Mag_50,0.0833066960147905,0.243041682649131,0.544719928184289,1.64849139851219,4.87731959175813,10.692
948010089,Wet_Tim,26,76.47916666666666,141.291666666667,184.3979166666665,211.775,10.692
