comid,metric,p10,p25,p50,p75,p90
3917070,DS_Dur_WS,65,112.1989898989899,175.90479797979793,230.16085858585856,272.57535353535354
3917070,DS_Mag_50,0.00707040320117623,0.0179445465792157,0.03175806301471947,0.06273965200507968,0.13299180417130338
3917070,DS_Mag_90,0.012854977104075552,0.03380214258714324,0.07852218576161897,0.19374326151068702,0.41164841436587657
3917070,DS_Tim,171.14075757575756,231.5604166666667,294.0478535353535,331.7133838383839,357.5417676767678
3917070,FA_Dur,4.002727272727273,7.11060606060606,15.941666666666666,23.547222222222217,28
3917070,FA_Mag,0.10460154311219887,0.21952173265468686,0.5200766132509395,1.00776042369669,2.2939404921766497
3917070,FA_Tim,8.245,21.419198295454546,59.35442247474747,83.49967594696969,100.98742505050515
3917070,Peak_10,1.38059206159565,3.07162612498004,6.95677412479112,18.421304122879,31.3682908805743
3917070,Peak_2,0.30080468322198,0.857080630740896,2.12037304310951,5.51788995887972,11.8823586815461
3917070,Peak_5,1.42430750925169,3.14621178688619,6.4499285243488,13.1196150833613,23.5223156555865
3917070,Peak_Dur_10,0.0536846456544964,0.184065453675327,0.479623827825812,0.835264883376141,0.913570966192654
3917070,Peak_Dur_2,0.12423234089691,0.339377738116257,0.928786234424808,1.73151572702177,2.55440671365642
3917070,Peak_Dur_5,0.0595862367182231,0.184064038015068,0.409814102018492,0.743907786756875,1.12059664747837
3917070,Peak_Fre_10,0.0307199842713681,0.0558328587540339,0.101911603799881,0.181369576751465,0.196953135001526
3917070,Peak_Fre_2,0.0367710597051696,0.0829736620705778,0.152699937601283,0.248154352006948,0.339735124771417
3917070,Peak_Fre_5,0.0293966979297326,0.0538194601139301,0.103397646669562,0.164127612501272,0.197713204962877
3917070,SP_Dur,30.410353535353536,66.58863636363637,142.40126262626265,194.54419191919192,249
3917070,SP_Mag,0.19061813356250804,0.851179145979796,2.23759652044252,4.710567348915439,11.093915450215556
3917070,SP_ROC,0.08975906655037878,0.18077953241319447,0.37567436756944445,0.6932662193789773,1
3917070,SP_Tim,171.61212121212122,230.87209595959598,254.16931818181817,271.2171717171715,285
3917070,Wet_BFL_Dur,30.0125,62.70195707070707,132.37474747474747,215.60170454545454,261.11146464646464
3917070,Wet_BFL_Mag_10,0.008215772901183088,0.023941775954630935,0.057755690973148296,0.12077865257588005,0.22215616455055243
3917070,Wet_BFL_Mag_50,0.01236891411075733,0.03714862766994564,0.08780535778494494,0.24960476549427174,0.982623900561329
3917070,Wet_Tim,29.848409090909097,83.7375,150.49431818181816,183.4449494949495,208.09901515151518
3917072,DS_Dur_WS,61,100.72689393939393,172.41792929292936,232.67525252525255,284
3917072,DS_Mag_50,3.9316217499273516e-4,9.3587749970646e-4,0.0016768760505671348,0.0034217591038073003,0.0072168949498189056
3917072,DS_Mag_90,7.113357341099662e-4,0.001841751917267722,0.0042728142263287845,0.010478503509646523,0.0226862156273921
3917072,DS_Tim,167.99444444444444,221.8626262626263,286.429797979798,329.83244949494957,356.97030303030306
3917072,FA_Dur,4.094924242424242,7.32070707070707,16.722853535353536,23.99772727272727,28
3917072,FA_Mag,0.005846239135483516,0.013954594967962178,0.030903698670975192,0.0525575478701732,0.14308887617034408
3917072,FA_Tim,0.404499696969697,1.1135045454545456,3.0518272727272726,4.291204545454546,5.246
3917072,Peak_10,1.34703646329873,3.20292950080678,7.72608681300345,18.421304122879,34.8826608704831
3917072,Peak_2,0.30080468322198,0.857080630740897,2.13102742983812,5.51788995887972,11.8823586815461
3917072,Peak_5,1.06423793557858,3.1512005669216,7.20006621515401,13.1196150833613,23.5368443620633
3917072,Peak_Dur_10,0.0623724027979347,0.206795293339124,0.520005055718762,0.835264883376141,0.928091472695549
3917072,Peak_Dur_2,0.145982450797203,0.369812159062105,0.992658563228813,1.83607429681603,2.82411954109396
3917072,Peak_Dur_5,0.0647748196973202,0.193439080306411,0.425090163861072,0.754783631592502,1.10515984881706
3917072,Peak_Fre_10,0.0323998920853523,0.0615787481872055,0.104408110422018,0.1860300717611,0.197760078583535
3917072,Peak_Fre_2,0.0456889138538782,0.0959500254392154,0.172790356915761,0.281840985316085,0.434787104245508
3917072,Peak_Fre_5,0.0302324174853443,0.0554980754060279,0.103397646669562,0.16872666586905,0.199404241481604
3917072,SP_Dur,30.988636363636363,66.21969696969697,141.45555555555552,196.12285353535356,249
3917072,SP_Mag,0.01776549785094073,0.0719740387279431,0.17634946745266233,0.390916664504273,0.8332291253110419
3917072,SP_ROC,0.11258134435833339,0.218172558016351,0.48319479667664145,0.75,1
3917072,SP_Tim,164.5481818181818,230.51003787878787,254.2,271.270833333333,285
3917072,Wet_BFL_Dur,30.021818181818183,62.75498737373737,134.90858585858578,217.21395202020202,264.53249999999997
3917072,Wet_BFL_Mag_10,4.2318983724768316e-4,0.0012176394073531572,0.0029774338469658376,0.006462697478270252,0.011576754177821147
3917072,Wet_BFL_Mag_50,7.32922084255974e-4,0.0021369928158737794,0.0047078180701306685,0.013401264003744535,0.0512677796195331
3917072,Wet_Tim,31.009090909090908,82.7415404040404,150.46439393939391,183.96420454545455,209.23787878787877
3917082,DS_Dur_WS,60.96282828282828,101.28939393939393,174.87904040404035,233.87689393939397,284
3917082,DS_Mag_50,0.006260755100965398,0.01611859329233267,0.028419862755879915,0.05572851864957061,0.11893265268758475
3917082,DS_Mag_90,0.011013644176454885,0.029278534260376857,0.0685793447326245,0.17146229267014698,0.37328417150639515
3917082,DS_Tim,171.12022727272728,230.84602272727273,293.2292929292929,331.69570707070716,357.84717171717176
3917082,FA_Dur,4.062651515151515,7.181313131313131,16.084343434343435,23.88087121212121,28
3917082,FA_Mag,0.09491151331343897,0.19706826848241638,0.4696419432642161,0.906312133621709,2.051477102210781
3917082,FA_Tim,7.405113333333333,19.207471464646467,53.32321237373737,74.77587468434342,90.54583828282829
3917082,Peak_10,1.38059206159564,3.20292950080678,7.1129642272037,18.421304122879,30.7249208723883
3917082,Peak_2,0.300804683221979,0.857080630740896,2.1203730431095,5.51788995887972,11.8823586815461
3917082,Peak_5,1.38830055188438,3.14621178688618,6.20613849666019,12.1422713882939,23.0808146509981
3917082,Peak_Dur_10,0.0532111579997272,0.184065453675327,0.469836496899079,0.812891716857137,0.913570966192654
3917082,Peak_Dur_2,0.135656018715018,0.352730697384952,0.966535415027482,1.79797440166933,2.66867300955383
3917082,Peak_Dur_5,0.0612324637338126,0.18405979103429,0.409814102018492,0.736047107014849,1.10672597047339
3917082,Peak_Fre_10,0.0307199842713681,0.0565755691163718,0.101292170635272,0.181445245140361,0.196953135001526
3917082,Peak_Fre_2,0.0367710597051696,0.0819521168045556,0.152380712741535,0.246291370468887,0.335524982519148
3917082,Peak_Fre_5,0.0302324174853443,0.05549660143033,0.103397646669562,0.164407241434383,0.199222421086609
3917082,SP_Dur,30.327272727272728,66.7060606060606,143.10303030303035,195.16982323232327,248.99454545454546
3917082,SP_Mag,0.18039039454132372,0.7865427409593063,2.0631948144099024,4.350820981954554,10.06541899515366
3917082,SP_ROC,0.09261722617310607,0.18419461893390152,0.3845037410996212,0.7066134515275884,1
3917082,SP_Tim,171.92954545454543,231.3498106060606,254.19242424242424,271.2430555555553,285
3917082,Wet_BFL_Dur,29.98590909090909,62.08320707070707,132.74810606060603,215.68314393939394,261.25161616161614
3917082,Wet_BFL_Mag_10,0.007305782013288319,0.02094621315632987,0.0509998115466774,0.10820822910231101,0.20007504564055437
3917082,Wet_BFL_Mag_50,0.01108080265885253,0.03320949121879801,0.07846149135613091,0.22413896437155678,0.8848766946715428
3917082,Wet_Tim,30.452626262626268,83.13169191919192,149.93989898989895,183.34551767676766,208.28934343434344
3917084,DS_Dur_WS,66.19179292929293,115.35429292929292,180.5877525252525,230.52203282828285,270.60570707070707
3917084,DS_Mag_50,0.040895675557165015,0.15669827582493306,0.27596449970880166,0.5337333676157747,1.187908155243235
3917084,DS_Mag_90,0.09722763753223769,0.27752692890735775,0.6392652594083583,1.642183056359502,3.5069797489224106
3917084,DS_Tim,177.9553030303031,237.1275252525252,293.9473484848485,331.55056818181816,358.1588131313131
3917084,FA_Dur,3.0768434343434343,5.4818181818181815,10.361616161616158,18.799621212121213,21.84411616161616
3917084,FA_Mag,0.7219535713950427,1.3529501258260963,3.156151557585669,6.380591798638743,13.102720463809606
3917084,FA_Tim,63.41426777777777,182.97163270202014,530.6731959595959,760.0885594696969,925.6920735858587
3917084,Peak_10,1.38059206159565,2.4473632730169,6.53026561779935,17.6396950039832,28.4188533438161
3917084,Peak_2,0.30080468322198,0.857080630740897,2.1203730431095,5.51788995887972,11.8823586815461
3917084,Peak_5,1.06423793557858,3.00695035095406,6.13530183300273,12.1422713882939,23.0808146509981
3917084,Peak_Dur_10,0.0522040552110088,0.184275405560188,0.482887510701831,0.835264883376141,0.913570966192654
3917084,Peak_Dur_2,0.14056625197295,0.359299484068252,0.968680003508139,1.79797440166933,2.67703777001253
3917084,Peak_Dur_5,0.0592709694627579,0.170282608045718,0.409814102018492,0.743907786756875,1.10879748155734
3917084,Peak_Fre_10,0.0307199842713681,0.0538206725734892,0.101563888714987,0.181445245140361,0.196953135001526
3917084,Peak_Fre_2,0.0387212658943545,0.0838779430992563,0.15205551408587,0.250004155486565,0.336042351676076
3917084,Peak_Fre_5,0.0286419686988076,0.0531175503777627,0.103397646669562,0.164127612501272,0.196955914053432
3917084,SP_Dur,30.627954545454546,70.06723484848484,138.76300505050511,188.7335227272727,241.22901515151514
3917084,SP_Mag,1.1949951632438798,4.745234626528977,15.449338913192015,35.610440907036,88.65050942389992
3917084,SP_ROC,0.0709059529761111,0.1323692347623106,0.2750667334440657,0.5463206094243056,0.8403354328914144
3917084,SP_Tim,194.76239898989894,232.64242424242425,254.29886363636362,270.87859848484845,284.8453282828283
3917084,Wet_BFL_Dur,30.571944444444444,59.5094696969697,122.984595959596,199.39286616161615,252.16363636363639
3917084,Wet_BFL_Mag_10,0.07203130722442562,0.20190012329835846,0.49356362887965216,0.9875901129299088,1.8114361325064101
3917084,Wet_BFL_Mag_50,0.10897007974697041,0.32578246108685716,0.7801130591433018,2.060320800039631,8.14512114191493
3917084,Wet_Tim,25.922550505050506,75.23882575757575,147.39431818181814,181.63863636363638,205.09845959595958
3917106,DS_Dur_WS,69.23426767676767,119.74640151515153,183.95555555555555,229.5092803030303,266.3733080808081
3917106,DS_Mag_50,0.05818819823456881,0.2732009093923793,0.4815308033953323,0.9250066643787896,2.113033124134017
3917106,DS_Mag_90,0.15865759015094197,0.4723153917551872,1.114865237580214,2.863239181495477,6.087398708253687
3917106,DS_Tim,180.7303282828283,237.73453282828282,292.0770202020202,330.5131313131313,357.02166666666665
3917106,FA_Dur,3.020959595959596,5.242739898989899,9.928409090909092,18.180492424242424,21.384166666666665
3917106,FA_Mag,1.194581917288743,2.253562373526755,5.314990676614584,10.375425218305805,22.31526344390969
3917106,FA_Tim,98.91587333333334,325.9408026515151,970.6512022727272,1414.4702753787878,1669.7083393939395
3917106,Peak_10,1.38059206159565,2.4473632730169,6.53026561779935,17.6396950039832,28.4188533438161
3917106,Peak_2,0.33463497293617,0.857080630740897,2.06207335702243,4.55266789772745,7.68825095467744
3917106,Peak_5,0.991451324051679,3.14621178688618,6.13530183300272,11.9985183037799,23.0808146509981
3917106,Peak_Dur_10,0.0477097046343044,0.174839589959656,0.468649582293447,0.835264883376141,0.913570966192654
3917106,Peak_Dur_2,0.123021619147258,0.326434680420448,0.894868941080232,1.70307854562461,2.50579465012842
3917106,Peak_Dur_5,0.0525298369473861,0.160896581748602,0.409814102018492,0.743907786756875,1.10879748155734
3917106,Peak_Fre_10,0.0226752742007533,0.0522040552110088,0.0996095306398916,0.168489062788288,0.194440555633332
3917106,Peak_Fre_2,0.0305213038701013,0.0596396123203674,0.123700606972964,0.210360518486088,0.310192940008685
3917106,Peak_Fre_5,0.0226752742007533,0.0460774285108697,0.103397646669562,0.159480527526564,0.199373965747553
3917106,SP_Dur,30.26727272727273,66.71862373737373,131.26502525252525,184.61603535353532,235.60881313131313
3917106,SP_Mag,2.1322297418279623,5.960178888987733,21.054295745497132,50.17355834031633,83.83977085300519
3917106,SP_ROC,0.0620337509220202,0.11623249702215913,0.2364357677780303,0.4933968072866793,0.7617746936686617
3917106,SP_Tim,199.28333333333333,233,254.1989898989899,270.17657828282825,284.4682828282828
3917106,Wet_BFL_Dur,30.634671717171717,60.65227272727273,124.89002525252525,200.00839646464647,253.17553030303034
3917106,Wet_BFL_Mag_10,0.12670642158868295,0.3663757287909799,0.8884224036461353,1.721249139654761,3.1187141693037597
3917106,Wet_BFL_Mag_50,0.19019762645194535,0.5740314715514071,1.3842444080117937,3.646004971254747,12.816590157275693
3917106,Wet_Tim,26.060075757575756,72.68724747474748,146.3232323232323,181.3184974747475,203.8701262626263
3917114,DS_Dur_WS,65,112.50972222222222,175.74999999999994,230.07638888888889,272.28570707070713
3917114,DS_Mag_50,0.009014196460294024,0.021648437674204914,0.03830274435947849,0.07604561100571228,0.1586765488361755
3917114,DS_Mag_90,0.014547403843631873,0.039340880712973966,0.09088609001493056,0.2291785252148076,0.49471585881268765
3917114,DS_Tim,168.85909090909092,223.83573232323235,287.32525252525255,329.7123737373738,355.1095202020202
3917114,FA_Dur,4.002727272727273,7.1375,15.947348484848485,23.54772727272727,28
3917114,FA_Mag,0.1257861636382156,0.26197961152408383,0.6245722660832127,1.21554607806715,2.7017722757433065
3917114,FA_Tim,9.938972727272727,25.815311363636365,71.46210795454544,100.03150624999999,121.79772090909091
3917114,Peak_10,1.38059206159565,3.20292950080678,7.6574312532726,18.421304122879,30.7249208723883
3917114,Peak_2,0.300804683221981,0.857080630740896,2.12037304310951,5.51788995887972,11.8823586815461
3917114,Peak_5,1.06423793557858,3.11139642790315,6.20613849666019,12.0316090894567,23.0808146509981
3917114,Peak_Dur_10,0.0528710595163205,0.178731071858914,0.468649582293447,0.810095071042261,0.913570966192654
3917114,Peak_Dur_2,0.121290558002225,0.330192237896905,0.892831567778598,1.71680815965522,2.67703777001253
3917114,Peak_Dur_5,0.0586855031074232,0.183804110864192,0.409814102018492,0.736047107014849,1.10672597047339
3917114,Peak_Fre_10,0.0307199842713681,0.0567747942623393,0.103397646669562,0.181445245140361,0.196953135001526
3917114,Peak_Fre_2,0.0367710597051696,0.0843451558449241,0.15359992135684,0.248904776497952,0.340273895788001
3917114,Peak_Fre_5,0.0300188191632613,0.0550413895762079,0.103397646669562,0.164407241434383,0.199219061279783
3917114,SP_Dur,30.344696969696972,66.62121212121212,141.35694444444448,193.72095959595958,248.96545454545455
3917114,SP_Mag,0.22574817826210541,0.9993029003586383,2.633962674858171,5.464795512184087,13.048248202930969
3917114,SP_ROC,0.08901770819116162,0.17969775380555555,0.3729649003275253,0.6909939945934344,1
3917114,SP_Tim,172.68914141414143,231.40593434343435,254.22500000000002,271.25536616161594,285
3917114,Wet_BFL_Dur,30.04,62.15612373737373,132.16224747474746,215.16212121212124,260.86459595959593
3917114,Wet_BFL_Mag_10,0.009808655406239692,0.028102966034197863,0.06848279522868732,0.14418768914494107,0.26726593114409053
3917114,Wet_BFL_Mag_50,0.01483860816904249,0.044508948701862894,0.10536732858231278,0.30072996714692646,1.1853934179766057
3917114,Wet_Tim,29.447045454545464,80.92828282828283,149.0704545454545,182.73308080808084,207.79000000000002
3917130,DS_Dur_WS,76.43969696969697,128.26010101010104,184.81275252525256,229.25170454545454,266.86555555555555
3917130,DS_Mag_50,0.18214868602400874,0.7544550472973591,1.5065720009499497,3.321632924364264,7.568964714425145
3917130,DS_Mag_90,0.569740909700848,1.6754746820333575,4.4934347915946695,11.893496517634935,27.27907493465476
3917130,DS_Tim,195.95686868686866,251.6625,297.2589646464646,330.8596590909091,355.1722222222222
3917130,FA_Dur,3,4.891792929292929,8.925252525252525,16.849684343434344,20.9925
3917130,FA_Mag,3.1197968958482494,6.234253766260933,13.786226930915868,25.835577286988634,49.24263391587295
3917130,FA_Tim,123.48891022727271,827.7334277777777,2692.7370607323232,3880.7501313762627,4808.037393106061
3917130,Peak_10,4.97721877138871,12.1573259802967,22.3764010833453,33.4332473920359,47.7759893717585
3917130,Peak_2,0.717435665812102,1.62695566711823,3.13110786534295,7.84161371950515,21.4228497978801
3917130,Peak_5,3.00695035095406,6.13530183300273,13.0098068951572,21.8685495645169,41.1631784586714
3917130,Peak_Dur_10,0.04235693617575376,0.164870753106047,0.466657333519996,0.798069494038297,0.913570966192654
3917130,Peak_Dur_2,0.10298431194600245,0.2898896632709278,0.807078074715253,1.50711708050373,2.50579465012842
3917130,Peak_Dur_5,0.044660943826518,0.13901873598904882,0.409814102018492,0.732230919507388,1.10515984881706
3917130,Peak_Fre_10,0.0168141265565678,0.0372219058360226,0.088541805013237,0.146980926310641,0.194440555633332
3917130,Peak_Fre_2,0.0253389395160056,0.0507444330319494,0.103253759878586,0.193068609341754,0.299060948621329
3917130,Peak_Fre_5,0.0178727790051849,0.0372219058360226,0.0920327268376635,0.156612165633026,0.196953135001526
3917130,SP_Dur,31.22926767676768,62.96957070707071,119.39962121212118,174.5522095959596,224.06904040404044
3917130,SP_Mag,6.609404926413969,18.602634697321815,54.44054933791581,134.56246426035776,262.49350754044565
3917130,SP_ROC,0.05195086215734849,0.08717429769633839,0.1751876311051768,0.3551917953025884,0.6421403116699245
3917130,SP_Tim,203.3315404040404,233.0343434343434,253.19520202020203,265.8056186868686,283.42053030303026
3917130,Wet_BFL_Dur,31.4660101010101,63.95277777777778,113.725,177.6445707070707,231.4528282828283
3917130,Wet_BFL_Mag_10,0.3485924328292449,1.0848788785290138,2.6829759483029147,5.069800598410032,9.369407565114782
3917130,Wet_BFL_Mag_50,0.5795943507017102,1.756795829422999,4.477775148573555,11.223047277098143,39.140190147152765
3917130,Wet_Tim,22.19358585858586,63.79747474747475,132.11123737373737,168.4344696969697,195.81376262626264
3917136,DS_Dur_WS,65,112.46881313131315,176.21893939393942,230.54053030303027,273.1413131313131
3917136,DS_Mag_50,0.007195930174792283,0.019408344837158215,0.03408209222954114,0.06622602442907591,0.14209215452895782
3917136,DS_Mag_90,0.013011387438728842,0.0339650307876412,0.08117911853287964,0.20491478367607038,0.44801730856476585
3917136,DS_Tim,168.92080808080811,223.64583333333334,287.2131313131313,329.6303030303031,355.8479797979798
3917136,FA_Dur,4,7,15.986489898989898,23.794633838383838,28
3917136,FA_Mag,0.11369035836406198,0.2367943547453306,0.5677904638578866,1.09331922255512,2.4787223290395124
3917136,FA_Tim,8.93257638888889,23.18279715909091,64.35859734848485,90.7720981060606,109.36771404040398
3917136,Peak_10,1.34703646329873,3.07162612498004,6.95677412479112,18.421304122879,30.7249208723883
3917136,Peak_2,0.30080468322198,0.829790966202296,2.1203730431095,5.51788995887972,11.8823586815461
3917136,Peak_5,1.06423793557858,3.14621178688618,6.20613849666019,12.1422713882939,23.0808146509981
3917136,Peak_Dur_10,0.0525298369473861,0.183839869382478,0.466657333519996,0.809162855770636,0.913570966192654
3917136,Peak_Dur_2,0.117098013166075,0.321872287051087,0.86498643376444,1.6511293839712,2.53483453595422
3917136,Peak_Dur_5,0.0610786702729234,0.184911099462448,0.409136891318943,0.732230919507388,1.10515984881706
3917136,Peak_Fre_10,0.0307199842713681,0.0553349797198728,0.101748399508999,0.181445245140361,0.196953135001526
3917136,Peak_Fre_2,0.0367710597051696,0.0819521168045556,0.153489653216169,0.246359432596981,0.335576719434841
3917136,Peak_Fre_5,0.0302336989343377,0.0551074394502946,0.103397646669562,0.165436234671299,0.199373965747553
3917136,SP_Dur,30.297727272727276,66.6108585858586,142.85631313131313,194.5609848484848,248.9739393939394
3917136,SP_Mag,0.2145195705908255,0.935218314999121,2.4690539854491185,5.2173922981271375,12.078724147025799
3917136,SP_ROC,0.09339255280391415,0.18530208140454546,0.383518174539899,0.7038500623264521,1
3917136,SP_Tim,174.81681818181818,231.39829545454546,254.21780303030303,271.2440025252523,285
3917136,Wet_BFL_Dur,30.171237373737373,62.30391414141414,132.7669191919192,215.63301767676768,261.28353535353534
3917136,Wet_BFL_Mag_10,0.00886581609530003,0.025328612101609752,0.06127912901173961,0.12905834742315692,0.2396055309404992
3917136,Wet_BFL_Mag_50,0.013262882178081439,0.039927783108356776,0.09458244209724767,0.27053896146518924,1.06769136355166
3917136,Wet_Tim,30.34601010101011,81.53497474747475,149.55063131313128,182.9458964646465,208.10497474747476
3917138,DS_Dur_WS,61,100.88333333333333,173.23888888888888,233.34861111111115,284
3917138,DS_Mag_50,5.405504266315965e-4,0.00129499328447755,0.002313039237063127,0.004716782711401629,0.009940958885292435
3917138,DS_Mag_90,9.240942662844062e-4,0.0024262214294341927,0.005772512193021215,0.013953180338845326,0.0313913913913914
3917138,DS_Tim,167.86747474747474,221.64526515151525,285.87436868686865,329.7066287878789,357.0290151515151
3917138,FA_Dur,4.210454545454546,7.299999999999999,16.761237373737373,24.377272727272725,28
3917138,FA_Mag,0.00799864675816722,0.01954945087435955,0.04306375765745943,0.0727249790296583,0.19389491328987044
3917138,FA_Tim,0.57268148989899,1.5457378787878788,4.2301494949494955,5.945041666666667,7.259
3917138,Peak_10,1.04503607862652,3.07162612498005,6.95677412479112,18.421304122879,30.7249208723883
3917138,Peak_2,0.30080468322198,0.857080630740896,2.1203730431095,5.51788995887972,11.8823586815461
3917138,Peak_5,1.06423793557858,3.14621178688619,6.4499285243488,12.9092625047204,23.0808146509981
3917138,Peak_Dur_10,0.0623724027979347,0.206795293339124,0.520005055718762,0.835264883376141,0.928091472695549
3917138,Peak_Dur_2,0.140596547696475,0.361073427333269,0.981524671934561,1.81569229224158,2.82411954109396
3917138,Peak_Dur_5,0.0646379025924259,0.194313771742813,0.417636802200534,0.753528582487384,1.10498583529969
3917138,Peak_Fre_10,0.032411223154032,0.0629415487103716,0.104408110422018,0.1860300717611,0.197760078583535
3917138,Peak_Fre_2,0.0441290765153369,0.0949642756309701,0.172360849925567,0.281840985316085,0.434787104245508
3917138,Peak_Fre_5,0.0307199842713681,0.0572498254641245,0.103397646669562,0.171270793731444,0.199852310104363
3917138,SP_Dur,30.99128787878788,66.5284090909091,141.17146464646467,195.967297979798,249
3917138,SP_Mag,0.02429649055512806,0.09713136614453512,0.2403626366171085,0.5320755744376672,1.133782982103808
3917138,SP_ROC,0.11366590416729803,0.21720607073232323,0.4814771179474748,0.75,1
3917138,SP_Tim,165.9719696969697,231,254.25,271.333333333333,285
3917138,Wet_BFL_Dur,30.33590909090909,62.87733585858586,134.89393939393932,217.21136363636364,264.48477272727274
3917138,Wet_BFL_Mag_10,5.7573746924331e-4,0.0016423678672237577,0.004040460200221713,0.00876853197739967,0.016030001830736
3917138,Wet_BFL_Mag_50,0.0010090435960688935,0.002879557300578827,0.006431162388579884,0.018425318277242326,0.0710240835157723
3917138,Wet_Tim,31.01818181818182,83.20227272727273,150.31136363636364,184.06742424242412,209.6214141414141
3917154,DS_Dur_WS,64.98954545454545,112.88547979797981,175.94191919191917,229.433648989899,270.13727272727266
3917154,DS_Mag_50,0.03302607621270288,0.09839816464463792,0.17329919826748552,0.3270075160476568,0.7231809734910608
3917154,DS_Mag_90,0.064126880335782,0.17590568897273237,0.3937483708909297,1.0333303727460086,2.178253084913084
3917154,DS_Tim,175.60785353535354,235.67790404040403,293.91767676767677,331.23787878787874,357.70871212121216
3917154,FA_Dur,3.402676767676767,5.885479797979798,11.364393939393942,19.745075757575755,24.060429292929296
3917154,FA_Mag,0.5004074802412752,0.9879982793295098,2.3073636830159163,4.757542770492436,8.375235529920328
3917154,FA_Tim,43.32142151515151,114.8745583333333,324.58726010101014,455.5925411616161,563.095402020202
3917154,Peak_10,1.38059206159565,3.02906791571173,6.26921341834908,17.6396950039832,28.6494600966736
3917154,Peak_2,0.30080468322198,0.857080630740896,2.06207335702243,5.31916515017116,11.8823586815461
3917154,Peak_5,1.06423793557858,3.11139642790315,5.98632852000162,11.7754552605991,20.6903822266225
3917154,Peak_Dur_10,0.0453505484015065,0.170868071953977,0.468649582293447,0.809162855770636,0.913570966192654
3917154,Peak_Dur_2,0.10595635307291,0.286709835203737,0.807078074715253,1.52569245694803,2.50579465012842
3917154,Peak_Dur_5,0.0475829511358706,0.146761507369278,0.409814102018492,0.743907786756875,1.10680416518042
3917154,Peak_Fre_10,0.0169562799278341,0.0409768779392639,0.0920327268376635,0.151154570820961,0.194440555633332
3917154,Peak_Fre_2,0.0261408033292927,0.0522040552110088,0.106467388650502,0.194194990274862,0.306775756125545
3917154,Peak_Fre_5,0.0179863560854049,0.0372758347944639,0.0920327268376635,0.156612165633026,0.20247199904286
3917154,SP_Dur,30.573409090909095,69.47436868686869,140.47904040404043,191.41824494949492,246.7066161616161
3917154,SP_Mag,0.8049046227196073,3.2747455169747406,10.069175215761275,21.8050300996979,57.74899493642577
3917154,SP_ROC,0.07575243570083334,0.14524132936906564,0.3004781917402778,0.6023898949091541,0.9147821160191675
3917154,SP_Tim,186.93507575757576,232.92954545454546,254.44810606060608,271.1951388888888,284.99242424242425
3917154,Wet_BFL_Dur,29.86126262626263,59.51698232323232,123.8652777777778,202.31780303030305,253.27724747474753
3917154,Wet_BFL_Mag_10,0.04499165094779894,0.1301942024256341,0.3116794851549459,0.6165109578857632,1.124133257831424
3917154,Wet_BFL_Mag_50,0.06712553328444576,0.19845941393182942,0.48142607831641693,1.2819437342756068,5.011922863371328
3917154,Wet_Tim,26.15909090909091,75.2614898989899,146.98636363636365,181.6039772727273,205.3980303030303
3917156,DS_Dur_WS,64.95666666666666,111.75189393939394,173.05138888888888,229.28169191919196,272.2701515151515
3917156,DS_Mag_50,0.014010397969833171,0.03459959106021703,0.06094081919306316,0.1200239635909767,0.2519695591108256
3917156,DS_Mag_90,0.022953106407055987,0.06061437511858357,0.14218384482713942,0.36366416335098173,0.778477724958817
3917156,DS_Tim,168.81848484848481,224.88579545454547,287.8743686868687,329.764393939394,355.24901515151515
3917156,FA_Dur,4.002727272727273,7.019381313131313,15.662373737373738,23.382323232323227,28
3917156,FA_Mag,0.20010599868637763,0.40665337578946376,0.9781756061593119,1.943051793095312,3.9717512650204325
3917156,FA_Tim,15.936778787878788,41.19726136363638,114.27442424242425,160.12444318181818,195.03076515151514
3917156,Peak_10,1.38059206159565,3.20292950080678,7.65743125327259,18.421304122879,30.7249208723883
3917156,Peak_2,0.30080468322198,0.820581922148376,2.1203730431095,5.51788995887972,11.8823586815461
3917156,Peak_5,1.06423793557858,3.00695035095406,6.15794738558844,11.7754552605991,20.9215384704005
3917156,Peak_Dur_10,0.0522040552110088,0.177813767580195,0.466657333519996,0.809162855770636,0.913570966192654
3917156,Peak_Dur_2,0.106407371845795,0.292647314459136,0.807078074715253,1.55096470004343,2.58735172001006
3917156,Peak_Dur_5,0.0586855031074232,0.178646267768575,0.404581427885318,0.730856772954123,1.10672597047339
3917156,Peak_Fre_10,0.0307199842713681,0.0567747942623393,0.103397646669562,0.181445245140361,0.196953135001526
3917156,Peak_Fre_2,0.0367710597051696,0.0840642606493568,0.153591428369566,0.24990698461358,0.344472315386326
3917156,Peak_Fre_5,0.0302009064836338,0.0551345729330589,0.103397646669562,0.164628849463403,0.199222421086609
3917156,SP_Dur,30.46237373737374,66.85744949494949,140.64154040404037,193.02588383838386,248.84323232323229
3917156,SP_Mag,0.34422823306937833,1.504170080162685,4.084630801556132,8.408335706641774,21.202193842943785
3917156,SP_ROC,0.08657936282631312,0.17265207265031565,0.3567032118135101,0.6726621845354798,1
3917156,SP_Tim,174.78929292929294,231.566792929293,254.26250000000002,271.2680555555553,285
3917156,Wet_BFL_Dur,29.952045454545456,61.69785353535353,131.5655303030303,214.34589646464644,260.05623737373736
3917156,Wet_BFL_Mag_10,0.015687168258556275,0.04477698071689794,0.10843676593827127,0.22430391016402,0.4099478081932723
3917156,Wet_BFL_Mag_50,0.02349838917955976,0.07089752321944673,0.1678743649430697,0.47444211596404035,1.893655047675416
3917156,Wet_Tim,29.251489898989902,78.63661616161616,148.21022727272725,182.4590277777778,208.56118686868686
3917158,DS_Dur_WS,63.62969696969698,108.73819444444446,171.40909090909096,230.4010101010101,278.0840151515152
3917158,DS_Mag_50,0.009665965305000482,0.023406737785005356,0.04112480424253681,0.08188913295376897,0.17179866858898202
3917158,DS_Mag_90,0.015719856220153358,0.04123653051478339,0.09845320293049259,0.24629434780317708,0.546208291661033
3917158,DS_Tim,168.51353535353536,222.12392676767678,289.8830808080808,331.2132575757575,357.04984848484844
3917158,FA_Dur,4.127121212121212,7.229482323232323,16.104545454545452,24.09034090909091,28
3917158,FA_Mag,0.13728166130988462,0.2909385695268158,0.7029322176139146,1.31454983103189,3.046488000332043
3917158,FA_Tim,10.694435227272727,27.853005681818182,77.01231818181819,107.86300852272727,131.38003818181818
3917158,Peak_10,1.38059206159565,3.20292950080678,7.6574312532726,18.421304122879,30.7249208723883
3917158,Peak_2,0.331251943964752,0.820581922148376,2.13102742983812,5.51788995887972,11.8846032302253
3917158,Peak_5,1.42430750925169,3.00695035095406,6.20613849666019,11.7754552605991,20.9215384704005
3917158,Peak_Dur_10,0.0525298369473861,0.187893990210723,0.482887510701831,0.835264883376141,0.913570966192654
3917158,Peak_Dur_2,0.110566127103966,0.29203784535221,0.807078074715253,1.55096470004343,2.64537610356943
3917158,Peak_Dur_5,0.0614096428796746,0.184065453675327,0.413590586678247,0.743907786756875,1.10672597047339
3917158,Peak_Fre_10,0.032411223154032,0.0616851809803224,0.104408110422018,0.1860300717611,0.19816355037454
3917158,Peak_Fre_2,0.0396414824328771,0.0920327268376635,0.165438424966504,0.267243366919628,0.387778155458858
3917158,Peak_Fre_5,0.0307199842713681,0.0562545918946535,0.103397646669562,0.172333993126336,0.201011966798777
3917158,SP_Dur,30.703535353535358,66.81679292929293,141.24356060606064,194.42424242424238,248.94959595959597
3917158,SP_Mag,0.31975230371248337,1.3415975736253918,3.783530017836419,7.74947528303028,20.00938306775235
3917158,SP_ROC,0.09941929838305556,0.19379367315239898,0.4081408102597222,0.734539469288952,1
3917158,SP_Tim,171.44999999999996,231.3405303030303,254.25075757575763,271.2118055555554,285
3917158,Wet_BFL_Dur,31.067474747474748,62.56590909090909,134.05075757575756,216.2777777777778,262.49866161616166
3917158,Wet_BFL_Mag_10,0.01029469198460565,0.029003627145178,0.07231542290045838,0.15312676551424997,0.28719347127384043
3917158,Wet_BFL_Mag_50,0.015970023552662565,0.048137857378844094,0.11399499755754003,0.3271979595886578,1.2830019577653193
3917158,Wet_Tim,29.097247474747476,76.1564393939394,145.81603535353534,184.07525252525255,218.04303030303032
3917160,DS_Dur_WS,63.62287878787879,109.41212121212122,171.75694444444443,230.74861111111116,277.79075757575754
3917160,DS_Mag_50,0.022384057229228527,0.057734727989447183,0.10124965748673653,0.19572609684015513,0.4228369033330486
3917160,DS_Mag_90,0.038133627662633986,0.0976456787907062,0.23364646659053603,0.5969126127604963,1.3057646138971348
3917160,DS_Tim,169.4893181818182,223.79476010101016,290.4238636363636,331.26357323232327,356.88845959595966
3917160,FA_Dur,4.008787878787879,7.03219696969697,15.747348484848485,23.52866161616161,28
3917160,FA_Mag,0.3294934887689642,0.6764380161299649,1.6429739819954055,3.2518715937148843,6.496285961170836
3917160,FA_Tim,26.551879545454547,68.77012310606062,191.4755391414142,267.1928327020202,326.9361431818181
3917160,Peak_10,1.38059206159565,3.20292950080678,7.72608681300345,18.2635856856536,30.7249208723883
3917160,Peak_2,0.331251943964752,0.820581922148376,2.13102742983812,5.51788995887972,11.8846032302253
3917160,Peak_5,1.42430750925169,3.00695035095406,6.19336571741716,11.7754552605991,20.9215384704005
3917160,Peak_Dur_10,0.0522040552110088,0.187893990210723,0.482887510701831,0.835264883376141,0.913570966192654
3917160,Peak_Dur_2,0.10595635307291,0.291156689231672,0.743336760545512,1.46824658270778,2.50579465012842
3917160,Peak_Dur_5,0.0604673978686754,0.179249092645669,0.413590586678247,0.743907786756875,1.10515984881706
3917160,Peak_Fre_10,0.0320284958655443,0.061448463173936,0.104408110422018,0.1860300717611,0.19816355037454
3917160,Peak_Fre_2,0.041372908943640103,0.0921548570217393,0.165438424966504,0.269061751100596,0.390738083079211
3917160,Peak_Fre_5,0.0300211048367002,0.0554127039439595,0.103397646669562,0.172329411115936,0.201993096422716
3917160,SP_Dur,30.564444444444447,67.26654040404041,139.97929292929294,192.61205808080805,248.35133838383834
3917160,SP_Mag,0.6633919029208277,2.93216917102534,8.355927731591299,18.043874846393415,46.70063688922934
3917160,SP_ROC,0.08912875962469698,0.1768817557434975,0.3649432906112373,0.6858179168238006,1
3917160,SP_Tim,176.69303030303033,232.00303030303033,254.3338383838384,271.2717803030301,285
3917160,Wet_BFL_Dur,30.443383838383838,62.16136363636363,132.13345959595955,214.43150252525254,260.4640909090909
3917160,Wet_BFL_Mag_10,0.025011822486981625,0.07112228052476004,0.1758677156000894,0.35957936672395585,0.6573704384792783
3917160,Wet_BFL_Mag_50,0.03921784462326427,0.11645195617793824,0.27933662677566384,0.7826001929199224,3.170469707860118
3917160,Wet_Tim,27.611237373737374,74.0072601010101,144.04696969696965,183.15934343434344,215.9344696969697
3917162,DS_Dur_WS,78.0031313131313,128.83289141414141,184.8445707070707,228.9425505050505,265.75492424242424
3917162,DS_Mag_50,0.21398051435780024,0.8392686475270572,1.7642156789342474,3.892766072852908,8.653581112151283
3917162,DS_Mag_90,0.634930453168332,1.90404545186623,5.128321651527832,13.311095349944795,30.166924182053393
3917162,DS_Tim,197.3050252525252,252.3260101010101,296.96603535353535,330.2680555555555,353.96111111111105
3917162,FA_Dur,2.9996969696969695,4.810669191919192,8.745454545454546,16.44633838383838,20.93810606060606
3917162,FA_Mag,3.271695887506463,6.7986750464531,14.176026435030881,26.62541433710234,53.77235947005923
3917162,FA_Tim,140.98284090909087,924.7934199494947,3012.657465909091,4319.7628602272725,5374.585672626263
3917162,Peak_10,4.97721877138871,12.1573259802967,22.3764010833453,33.1267544834503,43.6695560809036
3917162,Peak_2,0.717435665812102,1.62695566711823,3.13110786534295,7.84161371950515,21.4228497978801
3917162,Peak_5,3.15070168891805,6.1545156783252,13.1196150833613,22.6994882315925,41.1631784586714
3917162,Peak_Dur_10,0.027149010937664534,0.06749755330794772,0.23114944025308548,0.522040552110088,0.835264883376141
3917162,Peak_Dur_2,0.0920575482913541,0.27101012501333127,0.7339492657754175,1.4395528584896706,2.50579465012842
3917162,Peak_Dur_5,0.03400242001364979,0.09502350224403758,0.3096727672883271,0.5903141990429321,0.974672566089427
3917162,Peak_Fre_10,0.012509178960383978,0.0252211898348517,0.0739799651301392,0.129837716037047,0.194440555633332
3917162,Peak_Fre_2,0.0215702548490763,0.0440854746689275,0.0920327268376635,0.184065453675327,0.308833979526724
3917162,Peak_Fre_5,0.0168141265565678,0.030019145377735187,0.0828596317867713,0.155096470004343,0.199376993320958
3917162,SP_Dur,31.357853535353534,62.45669191919192,117.39027777777775,171.92209595959596,220.3979292929293
3917162,SP_Mag,7.446762211824039,21.024661082268796,59.16029233606333,146.929770546098,285.36571999600534
3917162,SP_ROC,0.049860356368838385,0.07979684234842171,0.1592453329210858,0.32126978162335856,0.5988688583808083
3917162,SP_Tim,204.0903787878788,233.0628787878788,253.12979797979798,265.5702651515151,283.25659090909085
3917162,Wet_BFL_Dur,31.84111111111111,64.27638888888889,111.96212121212118,173.09185606060603,226.7134090909091
3917162,Wet_BFL_Mag_10,0.38561710772739466,1.2600677472484452,3.073850263138152,5.736098637054343,10.487139349140033
3917162,Wet_BFL_Mag_50,0.675561097135088,2.0775352373016687,5.208237535926546,12.724193598702943,42.386226552536364
3917162,Wet_Tim,22.20916666666667,63.501199494949496,131.1693181818182,167.43137626262626,195.07780303030302
3917164,DS_Dur_WS,63.6129292929293,110.51578282828284,172.04987373737373,230.3440025252525,276.10638888888894
3917164,DS_Mag_50,0.03664482029956079,0.09938602804396368,0.17540707005018547,0.33596730947942494,0.7251499794617684
3917164,DS_Mag_90,0.06384246810405773,0.16306726701329463,0.3951785040926893,1.0128777240835476,2.2319314031320885
3917164,DS_Tim,169.44328282828283,227.23118686868688,287.67297979797985,328.8059343434344,354.79
3917164,FA_Dur,3.6832828282828283,6.272411616161616,12.741540404040402,20.9270202020202,26.002727272727274
3917164,FA_Mag,0.540084136432885,1.0971037158496904,2.6473136691386534,5.489938605438699,9.274028206089023
3917164,FA_Tim,45.026143308080805,118.02378945707076,331.287307449495,461.3492739898989,569.7625473484849
3917164,Peak_10,1.04503607862652,3.02906791571174,6.53026561779935,17.1643464610395,28.4188533438161
3917164,Peak_2,0.300804683221981,0.820581922148377,2.1203730431095,5.51788995887972,11.8823586815461
3917164,Peak_5,1.06423793557858,3.00695035095406,6.13530183300273,11.7754552605991,20.5954642691247
3917164,Peak_Dur_10,0.0507193335650593,0.177813767580195,0.466657333519996,0.809162855770636,0.913570966192654
3917164,Peak_Dur_2,0.0984371962195871,0.279946223686985,0.704936522925191,1.42941450894809,2.50579465012842
3917164,Peak_Dur_5,0.0543591127717288,0.167736980603355,0.409814102018492,0.731037874407693,1.10672597047339
3917164,Peak_Fre_10,0.0307199842713681,0.055015397490787,0.103397646669562,0.181369576751465,0.196953135001526
3917164,Peak_Fre_2,0.0367710597051696,0.0815614116649131,0.152380712741535,0.252424856275598,0.345083384014508
3917164,Peak_Fre_5,0.0283106433364504,0.0525298369473861,0.103397646669562,0.163467803003779,0.196953135001526
3917164,SP_Dur,30.442348484848488,67.78964646464647,138.23737373737376,189.96022727272728,246.8614393939394
3917164,SP_Mag,0.8576511923931579,3.6825614205558845,10.936892158827574,22.780260151992618,59.07948843776329
3917164,SP_ROC,0.08143024466406566,0.1589306099375,0.3249432432200758,0.6436903549856692,0.9798960835921467
3917164,SP_Tim,185.0440404040404,232.76136363636363,254.4550505050505,271.3477272727272,285
3917164,Wet_BFL_Dur,30.21545454545455,60.629797979797985,127.71161616161616,207.53112373737372,255.72035353535355
3917164,Wet_BFL_Mag_10,0.04281447100103079,0.12294653992197399,0.3029224096989911,0.6145403425335673,1.115492721274476
3917164,Wet_BFL_Mag_50,0.06778322003440578,0.1989829275510822,0.4836318553644262,1.3044508374419557,5.398996293835323
3917164,Wet_Tim,26.48792929292929,71.5669191919192,141.30214646464646,181.829797979798,212.49078282828287
3917172,DS_Dur_WS,64.9145202020202,111.55902777777779,173.52840909090907,229.20763888888894,271.9335606060606
3917172,DS_Mag_50,0.028690306553906877,0.08693078802117517,0.15376025959562234,0.2909168309610409,0.6361022511475667
3917172,DS_Mag_90,0.05556288550748087,0.1465434067292673,0.34691150683523475,0.8970196671287988,1.9419916878701378
3917172,DS_Tim,172.22939393939393,234.7262626262626,293.22108585858587,331.25252525252523,357.63893939393944
3917172,FA_Dur,3.7044444444444444,6.2943181818181815,12.72007575757576,20.84154040404041,26.085631313131312
3917172,FA_Mag,0.46901629984580073,0.9539107073685298,2.258249512360181,4.725526170882849,7.78514357843761
3917172,FA_Tim,39.369291919191916,102.96327916666672,288.4322101010101,404.60379040404035,498.2967221212121
3917172,Peak_10,1.04503607862652,3.02906791571174,6.22940050514775,17.6396950039832,30.7249208723883
3917172,Peak_2,0.30080468322198,0.850258214606247,2.1203730431095,5.51788995887972,11.8823586815461
3917172,Peak_5,1.06423793557858,3.00695035095406,6.13530183300272,11.7754552605991,20.5954642691247
3917172,Peak_Dur_10,0.044837670817514,0.156411103765522,0.466657333519996,0.809162855770636,0.913570966192654
3917172,Peak_Dur_2,0.0937055456532275,0.264421295775813,0.673933780154626,1.37237606809148,2.50579465012842
3917172,Peak_Dur_5,0.0425810956967545,0.121193412344418,0.368130907350654,0.723571966730183,1.07540353734678
3917172,Peak_Fre_10,0.0168141265565678,0.033256842595364,0.0792829648657541,0.139210813896023,0.189318642206698
3917172,Peak_Fre_2,0.0249260191659056,0.0519518348751501,0.102908368064884,0.191341713185739,0.29542970250229
3917172,Peak_Fre_5,0.0169562799278341,0.0335127390547821,0.0883486996964591,0.156612165633026,0.199852310104363
3917172,SP_Dur,30.535126262626264,67.20328282828282,139.18787878787876,190.96685606060606,247.882803030303
3917172,SP_Mag,0.7570830247851704,3.1013069102914446,9.351692080970064,19.46557026567401,51.66933317254585
3917172,SP_ROC,0.0802124240470707,0.15509327116679292,0.31841440672272725,0.6348181458376894,0.9749446511034852
3917172,SP_Tim,183.11772727272728,232.9375,254.48030303030302,271.2376262626261,285
3917172,Wet_BFL_Dur,29.804848484848485,60.32203282828283,126.06426767676766,205.9167929292929,255.05593434343436
3917172,Wet_BFL_Mag_10,0.03950007042172161,0.11258416007782944,0.2718258151009175,0.540629830179731,0.9531573769651192
3917172,Wet_BFL_Mag_50,0.059260141355044565,0.17614563921569815,0.4251745432435319,1.1652064077435402,4.61716934894367
3917172,Wet_Tim,27.428585858585862,75.97417929292929,146.8306818181818,181.76174242424244,206.9664393939394
3917176,DS_Dur_WS,81.84767676767677,129.60618686868688,182.6070707070707,224.06843434343435,257.3127272727273
3917176,DS_Mag_50,0.2963691951670724,1.168870731805071,2.737658580695627,5.8981152940030235,12.592897159439268
3917176,DS_Mag_90,0.8787610228324557,2.7985068388296366,7.603757374505704,18.50498352125726,41.955989675745066
3917176,DS_Tim,205.5646717171717,255.60776515151514,296.82916666666665,329.9794823232323,352.9062878787879
3917176,FA_Dur,2.89729797979798,4.440277777777778,8.200883838383838,15.372222222222225,20.599924242424244
3917176,FA_Mag,4.320215717601715,9.590970100628006,18.733703478936217,34.21493911090843,62.43732781783916
3917176,FA_Tim,206.76959671717168,1375.5932948232323,4443.5394280303035,6145.308313762626,7647.78477929293
3917176,Peak_10,5.2188745051616,12.5477967108438,22.3764010833453,33.4332473920359,45.1884485291352
3917176,Peak_2,0.717435665812103,1.62695566711823,3.13110786534295,7.68825095467744,20.4594956553289
3917176,Peak_5,3.35249042145593,8.14317046992393,14.4854556341563,23.0808146509981,37.9939209726444
3917176,Peak_Dur_10,0.023065885901564137,0.059819721611433035,0.21450880507770914,0.5182931822634951,0.835264883376141
3917176,Peak_Dur_2,0.08434688524093248,0.24519803829062561,0.6238859400692532,1.3490990650818377,2.3887078402203743
3917176,Peak_Dur_5,0.03380934174029158,0.08974726480477874,0.3010466876979132,0.5674350606313936,0.9579213399649096
3917176,Peak_Fre_10,0.010946366492529173,0.0226752742007533,0.06954610269525949,0.127918951034868,0.196953135001526
3917176,Peak_Fre_2,0.02139073563216194,0.04215068990514583,0.08688519913815954,0.186957403482732,0.310192940008685
3917176,Peak_Fre_5,0.016813900632678992,0.026906406720225852,0.07743856266671605,0.1522345168646963,0.19923455172656
3917176,SP_Dur,32.76292929292929,61.11906565656565,110.75252525252522,163.28137626262625,206.4530808080808
3917176,SP_Mag,10.877842015047971,29.07405371833006,73.68508393494714,200.09046890187366,383.7649587710912
3917176,SP_ROC,0.043697701313964644,0.061111515494886366,0.1054754203627525,0.20827990270839647,0.3942738315785354
3917176,SP_Tim,205.8709090909091,233.0417929292929,251.8645202020202,263.2596590909091,280.605101010101
3917176,Wet_BFL_Dur,36.61239898989899,69.28434343434344,110.80088383838385,167.5814393939394,216.16383838383837
3917176,Wet_BFL_Mag_10,0.5993563005504141,2.1435238376258567,4.928215936574294,8.950431566527527,16.028530539340874
3917176,Wet_BFL_Mag_50,1.225658227739129,3.811940628466637,9.345264148890106,20.419197781482353,59.31509794169498
3917176,Wet_Tim,21.694545454545455,62.60397727272727,129.1280303030303,164.1506313131313,191.05608585858587
3917178,DS_Dur_WS,80.46525252525252,131.42443181818183,184.9338383838384,226.9763888888889,261.8177525252525
3917178,DS_Mag_50,0.2529594842306826,1.0496466223641459,2.4046812614180815,5.226860506282979,11.263492236840552
3917178,DS_Mag_90,0.788455381830944,2.4865291939220007,6.761661559890513,16.833120028278,37.75031121786553
3917178,DS_Tim,203.0000505050505,255.39356060606056,297.09381313131314,330.46521464646463,353.9178787878788
3917178,FA_Dur,2.978409090909091,4.591919191919192,8.450883838383838,15.741035353535352,20.7319696969697
3917178,FA_Mag,3.8806288567585145,8.58919781355541,16.920370825464627,31.030971642116324,57.60908585320217
3917178,FA_Tim,178.47965050505047,1207.240661931818,3940.7568516414144,5503.263228219697,6854.577724873738
3917178,Peak_10,5.2188745051616,12.5477967108438,22.3764010833453,34.7088441691447,45.7488352346549
3917178,Peak_2,0.717435665812102,1.54416852940292,3.10823307097903,7.65581429858706,20.3673508481011
3917178,Peak_5,3.35249042145594,8.14166621253147,14.4772230626996,23.0808146509981,37.0940967898044
3917178,Peak_Dur_10,0.024178973555050602,0.06471976896793237,0.2248674986272059,0.5213134945673417,0.835264883376141
3917178,Peak_Dur_2,0.08642152013786172,0.25898156249033344,0.6935598963585239,1.3777923612161962,2.469867833046834
3917178,Peak_Dur_5,0.034343506239412104,0.09456712564345507,0.3077717455474666,0.5840853497305376,0.983370227806841
3917178,Peak_Fre_10,0.0105080538979101,0.0226752742007533,0.0691161427663045,0.127918951034868,0.196953135001526
3917178,Peak_Fre_2,0.0201952064421588,0.04154778064288534,0.08500189967199637,0.18478993693607,0.310192940008685
3917178,Peak_Fre_5,0.0168141265565678,0.0275004496432384,0.07687167425823002,0.1531089910117488,0.199373965747553
3917178,SP_Dur,32.288636363636364,61.87253787878788,112.86742424242425,165.77184343434345,210.21916666666667
3917178,SP_Mag,9.948188517386928,27.608109515264907,72.47715631055192,188.9368216402514,384.57114631166274
3917178,SP_ROC,0.04580992262878788,0.0669292739,0.12280561802563132,0.2418712347510101,0.4586610812284345
3917178,SP_Tim,205.09174242424243,233.02601010101012,252.1700757575758,263.93415404040405,281.92595959595957
3917178,Wet_BFL_Dur,34.824999999999996,67.75189393939394,110.38068181818188,167.58497474747477,217.74391414141417
3917178,Wet_BFL_Mag_10,0.5154808752725026,1.8172438780085454,4.216271054635948,7.774056515379533,14.105566861599012
3917178,Wet_BFL_Mag_50,1.023914067975041,3.130537296078453,7.679796054856852,17.32651463122504,53.046165336241295
3917178,Wet_Tim,22.13611111111111,63.13030303030303,129.63472222222222,165.04545454545453,192.42702020202017
3917194,DS_Dur_WS,67.66964646464646,116.76856060606063,181.34015151515152,230.82714646464646,270.77012626262626
3917194,DS_Mag_50,0.055170046668472306,0.20065705923163932,0.35037553336579724,0.6666308587054124,1.5083927871952634
3917194,DS_Mag_90,0.1167088200079795,0.31682808148987285,0.7898463359697963,2.0541322575577823,4.4689139132914715
3917194,DS_Tim,187.97749999999996,248.33106060606062,301.38257575757575,333.8568813131313,360.0397222222223
3917194,FA_Dur,3.098181818181818,5.427209595959596,10.241666666666667,18.636047979797983,21.94489898989899
3917194,FA_Mag,0.8219359020541972,1.6362279133857613,3.9545798562276495,7.663751720644514,15.22443393727331
3917194,FA_Tim,78.83393939393939,235.1878787878788,678.7466666666668,975.9975757575758,1187.2489696969697
3917194,Peak_10,1.38059206159565,2.44736327301689,6.26921341834908,17.2831835967754,28.4188533438161
3917194,Peak_2,0.300804683221978,0.857080630740896,2.06207335702243,5.24834904575582,11.8823586815461
3917194,Peak_5,0.991451324051678,3.00695035095406,5.98632852000162,11.7754552605991,19.6325570389149
3917194,Peak_Dur_10,0.0522040552110088,0.177508957470117,0.466657333519996,0.775609278993839,0.913570966192654
3917194,Peak_Dur_2,0.0940131759548678,0.275719784920604,0.738472534586188,1.49593367745706,2.50579465012842
3917194,Peak_Dur_5,0.0522040552110088,0.159720416605221,0.401998953152587,0.730856772954123,1.07931884148761
3917194,Peak_Fre_10,0.0242471765535911,0.0521106681704317,0.100571244669724,0.178005914436168,0.196953135001526
3917194,Peak_Fre_2,0.030308827708686,0.0595404709924216,0.130556323633722,0.216079371907464,0.313570173033423
3917194,Peak_Fre_5,0.0226752742007533,0.0490912390219321,0.103397646669562,0.163467803003779,0.20247199904286
3917194,SP_Dur,29.35040404040404,65.1761994949495,131.709595959596,183.7423611111111,235.71851010101008
3917194,SP_Mag,1.53022740237411,4.754943047337224,16.321431980148894,37.850804183166936,62.5661827103732
3917194,SP_ROC,0.06815277275280303,0.12739178505959597,0.25888246320530306,0.5322734425002525,0.8285410271955054
3917194,SP_Tim,197.3160606060606,233,254.38194444444446,270.68592171717165,284.6877525252525
3917194,Wet_BFL_Dur,30.514267676767677,60.476136363636364,125.41805555555557,199.68282828282824,251.90904040404038
3917194,Wet_BFL_Mag_10,0.0922724461087765,0.2513779391130221,0.61975294463822606,1.2386946211849106,2.2505376109960875
3917194,Wet_BFL_Mag_50,0.13293545444920268,0.36849705109898057,0.922492578152893,2.6570365326144203,9.932723591054842
3917194,Wet_Tim,25.702954545454546,72.66306818181818,146.1628787878788,181.3153409090909,204.65987373737372
3917198,DS_Dur_WS,83.36373737373738,126.78409090909089,179.605303030303,221.3392676767677,252.93553030303028
3917198,DS_Mag_50,0.6971350313898584,1.9696832615986284,5.60047707951845,13.03984544065097,30.466364776195327
3917198,DS_Mag_90,1.1164974313992282,3.579052883713029,9.604440530472372,22.619294056772514,51.863350329149625
3917198,DS_Tim,211.19863636363638,257.1178661616162,296.66679292929297,328.6528409090909,350.24101010101015
3917198,FA_Dur,2.6776515151515152,4.146843434343435,7.725,14.446338383838384,20.430934343434345
3917198,FA_Mag,5.414858715654868,12.096485120049914,23.20877615355787,42.519398756127465,77.65752709450341
3917198,FA_Tim,307.8335879797979,1863.683748232323,5603.314126262626,7757.4283570707075,9668.65134010101
3917198,Peak_10,5.2188745051616,11.0364459377479,18.421304122879,33.1165723439709,42.5296769173045
3917198,Peak_2,0.717435665812102,1.40833048822124,3.04903823632541,7.39022551633243,21.2887989203779
3917198,Peak_5,3.32527530234079,7.6338133901155,13.3163554097458,20.5954642691247,33.4199631357145
3917198,Peak_Dur_10,0.017013263466433455,0.037833991021735354,0.103397646669562,0.25090700233514146,0.444570713088181
3917198,Peak_Dur_2,0.07280009518431112,0.2101389431450427,0.5705542358239921,1.1735266878228763,2.06589554074953
3917198,Peak_Dur_5,0.0265498473383778,0.056576886361167256,0.17232583132075058,0.3893906032515031,0.6504709136838871
3917198,Peak_Fre_10,0.0105080538979101,0.0197447003786605,0.05923737602134635,0.1163754009242781,0.196953135001526
3917198,Peak_Fre_2,0.019144737068511802,0.040452391170037384,0.07998295118023327,0.1838727221667478,0.30941715451788143
3917198,Peak_Fre_5,0.015187011539710344,0.022883957186478326,0.06762791012462896,0.14109370673715432,0.19784588626083013
3917198,SP_Dur,33.60883838383838,60.408080808080804,105.01666666666667,155.91035353535355,195.41333333333333
3917198,SP_Mag,11.56833174314304,30.137268527248988,73.06346659221957,179.44336014054505,337.8727061129183
3917198,SP_ROC,0.041917336934469696,0.05728259933693182,0.09372742352739898,0.177439117188447,0.3353371236057325
3917198,SP_Tim,203.88964646464646,231.28005050505053,249.53699494949495,260.76824494949494,275.11530303030304
3917198,Wet_BFL_Dur,40.86176767676768,72.99703282828283,111.97512626262626,169.00625,214.75909090909093
3917198,Wet_BFL_Mag_10,0.8248487308036082,2.9692702720462116,6.752593483696467,11.946780894305173,20.645328149310007
3917198,Wet_BFL_Mag_50,1.7269240648244404,5.406443901485287,13.121935954230667,27.57720407353712,70.76373383966798
3917198,Wet_Tim,20.349646464646465,60.43699494949495,126.96489898989898,161.4094696969697,187.73659090909092
3917200,DS_Dur_WS,82.51684343434344,126.36982323232326,179.05126262626266,220.96925505050507,252.69623737373738
3917200,DS_Mag_50,0.7744619710863322,2.1698067694909065,6.1824485995480885,14.04403006551666,32.83865088735441
3917200,DS_Mag_90,1.2011716084477055,3.855715846407133,10.23958722265609,23.7842673362054,55.03854461833263
3917200,DS_Tim,210.96866161616163,256.01243686868685,295.65303030303033,326.06969696969696,347.57047979797983
3917200,FA_Dur,2.6413636363636366,4.09425505050505,7.53320707070707,13.931376262626266,20.270075757575757
3917200,FA_Mag,5.795443583566002,12.77031033440355,24.398329615384025,45.15460456919835,81.27651481372381
3917200,FA_Tim,343.07535,2067.5376221590905,5997.219732954546,8285.286042613638,10319.179789772728
3917200,Peak_10,5.2188745051616,11.0364459377479,20.2589246406963,34.8826608704831,45.7488352346549
3917200,Peak_2,0.717435665812103,1.54416852940292,3.08535827661511,7.30529999514648,19.9452603092773
3917200,Peak_5,3.32527530234079,7.4661592174051,13.0647109892593,20.5954642691247,31.2355251343118
3917200,Peak_Dur_10,0.015194353736867576,0.033791529464252526,0.08398909627957443,0.20630446715343437,0.4005115546716907
3917200,Peak_Dur_2,0.06952048954395888,0.19711660662358488,0.5610770647780288,1.1895228061116792,2.093962224127957
3917200,Peak_Dur_5,0.025189181628449714,0.051512605294243397,0.14139525509758571,0.37381010992163954,0.6338669800856522
3917200,Peak_Fre_10,0.0105080538979101,0.0169562799278341,0.0463276582336164,0.10344253759792359,0.18815622201007454
3917200,Peak_Fre_2,0.01618927316839267,0.03414074798762451,0.06305133134869531,0.14051342527869728,0.2825318484571343
3917200,Peak_Fre_5,0.01298204022620708,0.02117563439122893,0.05242435152626608,0.11627945054559376,0.18873983255354593
3917200,SP_Dur,34.28916666666667,60.90965909090909,104.95568181818183,155.48459595959596,194.5043181818182
3917200,SP_Mag,11.400539002267065,29.97913194344401,73.377282710728693,176.0719360645982,343.64204344267154
3917200,SP_ROC,0.04063131289234848,0.05550854537165404,0.08914623993762626,0.16842816347215908,0.3063874062252526
3917200,SP_Tim,201.99446969696967,229.49987373737375,247.64898989898987,259.3989898989899,272.8489393939394
3917200,Wet_BFL_Dur,42.18391414141414,73.58737373737374,111.54229797979798,167.72834595959597,214.0622474747475
3917200,Wet_BFL_Mag_10,0.9494557155348309,3.37896746415164,7.487096740880833,13.031809284878596,22.666800714651128
3917200,Wet_BFL_Mag_50,1.9023203279272263,5.9460069000533124,14.322550877389418,29.651039567214777,73.00665912792479
3917200,Wet_Tim,19.676313131313133,57.35814393939394,124.42234848484847,159.38301767676768,185.9490909090909
3917230,DS_Dur_WS,63.31454545454546,105.55138888888891,170.84406565656568,230.45707070707064,278.8811868686869
3917230,DS_Mag_50,0.011577844247495528,0.030091681089341557,0.051599580202819545,0.09941911754400208,0.1958097811449667
3917230,DS_Mag_90,0.019988106971179635,0.050460168025643515,0.12683446057292644,0.3176994671504198,0.7096200015200576
3917230,DS_Tim,168.16191919191914,221.97001262626267,289.0325757575757,330.98238636363635,356.4311363636364
3917230,FA_Dur,4.072651515151515,7.1633207070707074,16.10669191919192,24.112121212121213,28
3917230,FA_Mag,0.17986392516024552,0.3881308384853786,0.9300686786008256,1.72034299133183,3.943350787770793
3917230,FA_Tim,13.845250505050501,36.41124305555556,100.54561553030305,140.78198863636362,171.71770126262626
3917230,Peak_10,1.49319142818043,3.41713742547571,9.65299666266669,18.421304122879,30.7249208723883
3917230,Peak_2,0.33463497293617,0.820581922148377,2.13102742983812,5.99122515945876,11.9048041683382
3917230,Peak_5,1.42430750925169,3.00695035095406,6.40830133934208,12.9092625047204,23.0808146509981
3917230,Peak_Dur_10,0.0588494004211277,0.206795293339124,0.499012727508119,0.835264883376141,0.928091472695549
3917230,Peak_Dur_2,0.115784870735151,0.332593738884649,0.856850560181981,1.61834087026906,2.64506069718231
3917230,Peak_Dur_5,0.0637951005975085,0.184065453675327,0.413590586678247,0.743907786756875,1.07540353734678
3917230,Peak_Fre_10,0.0332416062532513,0.0612920948446633,0.104408110422018,0.186504181732068,0.196953135001526
3917230,Peak_Fre_2,0.0441327664690341,0.0939469951053616,0.167760876751404,0.268833881340861,0.407103645456567
3917230,Peak_Fre_5,0.0307199842713681,0.0539719614715849,0.103397646669562,0.165436234671299,0.196953135001526
3917230,SP_Dur,30.248106060606062,66.0344696969697,140.5983585858586,194.0666666666667,248.64840909090907
3917230,SP_Mag,0.4459290066300459,1.8212508052751772,5.105304953266624,10.310232440804457,27.09776773924101
3917230,SP_ROC,0.10526057281500001,0.1988302934431187,0.423242679945707,0.7421271209613005,1
3917230,SP_Tim,173.58459595959596,231.35075757575757,254.23636363636365,271.1950757575756,285
3917230,Wet_BFL_Dur,31.448131313131313,62.88768939393939,134.09785353535352,216.1005681818182,261.64078282828285
3917230,Wet_BFL_Mag_10,0.013537333292889954,0.037394730219383256,0.09225722870257831,0.1982980960348767,0.37287723811802986
3917230,Wet_BFL_Mag_50,0.02060664666323035,0.057153955013386305,0.1446339097606643,0.43052281174368673,1.671847218695403
3917230,Wet_Tim,29.93588383838384,76.20429292929293,146.58686868686868,184.838952020202,220.17929292929293
3917244,DS_Dur_WS,75.38588383838383,118.32954545454547,175.35088383838385,218.7410984848485,250.55434343434342
3917244,DS_Mag_50,1.2232893418201283,3.352271762197139,9.354403793948372,19.77104276429336,42.283879469953085
3917244,DS_Mag_90,1.5143483459591671,4.693509146530922,12.404694092096705,27.210121988347495,61.93735469398549
3917244,DS_Tim,214.52888888888887,257.60612373737376,294.002398989899,323.5,344.53502525252526
3917244,FA_Dur,2.5162626262626264,3.954040404040404,7.191414141414142,12.971022727272727,19.902449494949494
3917244,FA_Mag,7.3438013950890015,15.891412262343335,30.03326115748,55.9139294571667,99.16244376362609
3917244,FA_Tim,460.7312113636363,2602.4809806818175,7122.203200000001,9840.228296590909,12372.277316515152
3917244,Peak_10,4.97721877138871,9.25321334076712,15.3874760332745,32.1319903472878,37.5055109504915
3917244,Peak_2,0.717435665812102,1.62695566711823,3.13110786534295,7.30529999514648,16.3103997158062
3917244,Peak_5,3.2297259003055,7.07028591181386,12.0869402388753,18.4004826356101,27.8176384181941
3917244,Peak_Dur_10,0.016707403645855032,0.03420999704550698,0.08060400361370199,0.21496674294098186,0.44736828036271375
3917244,Peak_Dur_2,0.055612213847666875,0.16248338942037296,0.49007385635139533,0.989679103387757,1.8377418778008725
3917244,Peak_Dur_5,0.022278435513307583,0.050938179452281164,0.1457948081560321,0.3746465756425956,0.7010158464319731
3917244,Peak_Fre_10,0.0105080538979101,0.0169562799278341,0.0496292077813635,0.11536727952524432,0.194440555633332
3917244,Peak_Fre_2,0.01496059236806906,0.03399711901930455,0.06430433433163057,0.13765734730308793,0.2648612173859639
3917244,Peak_Fre_5,0.013351456852885175,0.019299024938573852,0.056583701550181394,0.135705159788722,0.2008070078343551
3917244,SP_Dur,36.20502525252525,62.4854797979798,103.55580808080806,152.72133838383837,189.2514393939394
3917244,SP_Mag,11.745089909711693,32.51549174849706,82.50825311674924,195.778630116293,394.8519533465437
3917244,SP_ROC,0.03735047523603535,0.052872673124179294,0.08466867496376262,0.16178759868263887,0.29689602031267687
3917244,SP_Tim,186.04699494949494,217.4626893939394,238.00492424242427,253.70580808080808,264.36232323232326
3917244,Wet_BFL_Dur,46.47338383838384,76.03598484848484,114.74482323232324,170.24507575757576,214.66744949494947
3917244,Wet_BFL_Mag_10,1.3291607338653275,4.485422021429488,9.765945083379217,16.34982850963606,28.356626367016954
3917244,Wet_BFL_Mag_50,2.3847679642720347,7.354179151335418,18.1196203282909,35.554023901558004,81.36305795872275
3917244,Wet_Tim,16.278106060606063,45.99734848484849,112.47310606060606,150.92556818181816,177.06472222222223
3917912,DS_Dur_WS,79.67419191919193,130.3460858585859,184.79722222222222,227.62613636363636,263.4429797979798
3917912,DS_Mag_50,0.24016152775787264,0.9773791597663333,2.1611098900046137,4.73828814572606,10.279942809992741
3917912,DS_Mag_90,0.7291761837158793,2.2490060574061834,6.074615116497259,15.40471118827308,34.90734816058817
3917912,DS_Tim,200.7136111111111,254.03623737373735,297.14116161616164,330.4061237373737,353.9935606060606
3917912,FA_Dur,2.9816666666666665,4.661111111111111,8.554292929292929,15.99747474747475,20.83358585858586
3917912,FA_Mag,3.701847531406188,7.895037976438563,16.196451754036392,29.843294903103228,59.21138900470966
3917912,FA_Tim,169.50329373737367,1108.9748944444443,3584.6131080808077,5052.313719444444,6287.078872424242
3917912,Peak_10,4.97721877138872,11.9356818048096,22.3764010833453,33.4332473920359,43.6695560809036
3917912,Peak_2,0.717435665812102,1.62695566711823,3.08535827661511,7.64500207989027,20.4594956553289
3917912,Peak_5,3.1512005669216,6.18059293817414,13.1196150833613,21.8685495645169,36.3023174939142
3917912,Peak_Dur_10,0.024740398750059758,0.06509501512197308,0.228236883754466,0.522040552110088,0.835264883376141
3917912,Peak_Dur_2,0.08820785134090948,0.2618011765814606,0.7059568961086671,1.4037502727690474,2.4941845628190387
3917912,Peak_Dur_5,0.03389532914399946,0.09322333276458863,0.30782317622644173,0.5813902137967374,0.9738345836190381
3917912,Peak_Fre_10,0.0105080538979101,0.0226752742007533,0.0691161427663045,0.126182161142347,0.194440555633332
3917912,Peak_Fre_2,0.020403527376866414,0.041612322964649756,0.0851621913935089,0.184065453675327,0.310192940008685
3917912,Peak_Fre_5,0.0168141265565678,0.02788975057427845,0.07716055613440807,0.153387878062772,0.199219061279783
3917912,SP_Dur,31.99010101010101,62.270391414141415,114.76805555555555,168.0284090909091,214.5803787878788
3917912,SP_Mag,9.096963674799136,25.505767870929255,68.34611641852379,174.36045304143747,355.0004502229005
3917912,SP_ROC,0.04712730737131313,0.07066311422310606,0.13414634242436865,0.26773023866199497,0.5147704464211114
3917912,SP_Tim,205.0463383838384,233.02645202020202,252.63446969696972,264.65183080808083,282.5635101010101
3917912,Wet_BFL_Dur,33.381691919191915,65.88958333333333,109.74343434343432,167.90164141414144,220.2465404040404
3917912,Wet_BFL_Mag_10,0.46239961796833523,1.564974084643234,3.732297026278479,6.961035496519603,12.827790153673766
3917912,Wet_BFL_Mag_50,0.8679130843542866,2.678253377233064,6.613105424699461,15.417717571415936,49.07434294130595
3917912,Wet_Tim,22.266565656565657,63.77708333333334,130.83964646464648,166.34854797979796,193.8543181818182
3917914,DS_Dur_WS,70.14027777777778,120.27481060606064,183.3104797979798,229.40151515151516,267.0271464646465
3917914,DS_Mag_50,0.07048769592554274,0.321847713959997,0.560150534657719,1.0849713699220995,2.4968496854007958
3917914,DS_Mag_90,0.18905961495564547,0.5462290851806054,1.316891268514778,3.3719536870489546,7.140892108257048
3917914,DS_Tim,189.67888888888885,249.02607323232323,300.3031565656566,333.0736111111111,359.4182575757576
3917914,FA_Dur,3.018181818181818,5.216035353535354,9.879166666666666,18.262941919191917,21.46280303030303
3917914,FA_Mag,1.2412719174786726,2.509521926925719,6.067559946529003,11.371944277435363,22.373858234685724
3917914,FA_Tim,113.50010323232323,384.36840378787883,1140.638929292929,1660.575662121212,1975.0747554545455
3917914,Peak_10,1.34703646329873,2.44736327301689,5.79438048169929,16.993951226958,28.4188533438161
3917914,Peak_2,0.400926713460539,0.857080630740897,2.0159116110121,4.51629345031455,7.30529999514648
3917914,Peak_5,0.808244173509165,3.00695035095406,5.78080185603545,11.7754552605991,19.3870030779902
3917914,Peak_Dur_10,0.0498100189943214,0.172781289905156,0.466657333519996,0.791916873245571,0.913570966192654
3917914,Peak_Dur_2,0.0984765675007632,0.28434890412357,0.765752228640031,1.50542049853422,2.50579465012842
3917914,Peak_Dur_5,0.0527276381987731,0.164127612501272,0.402301398382813,0.730856772954123,1.08584434838898
3917914,Peak_Fre_10,0.0239985984818487,0.0504179649292636,0.0998991268069967,0.177575998098144,0.196953135001526
3917914,Peak_Fre_2,0.0303523612474615,0.0593469797474193,0.129466652748125,0.213757707895708,0.310192940008685
3917914,Peak_Fre_5,0.0230091683967539,0.0489799918002993,0.103397646669562,0.157937561797822,0.197854927854223
3917914,SP_Dur,29.4619696969697,64.5653409090909,129.05303030303034,183.15246212121212,232.53255050505052
3917914,SP_Mag,2.458359169088262,6.9617688433235685,24.818751848057,60.575782056371054,99.40812061338568
3917914,SP_ROC,0.06384721538214647,0.11763848284659092,0.23731650274419192,0.4976259361593434,0.7680451438867677
3917914,SP_Tim,199.8232070707071,233,253.96742424242424,269.43731060606063,284.339898989899
3917914,Wet_BFL_Dur,30.355934343434345,61.04229797979798,126.60467171717174,201.09570707070705,252.95047979797982
3917914,Wet_BFL_Mag_10,0.149619925786376,0.42143174515448006,1.0259128460113385,2.002336385636542,3.5561583706050848
3917914,Wet_BFL_Mag_50,0.21299688017618681,0.6104629311059332,1.5267210743134019,4.341451731901788,14.784675769350715
3917914,Wet_Tim,24.039646464646463,66.06313131313131,136.7287878787879,176.7772095959596,202.03391414141416
3917916,DS_Dur_WS,72.10550505050504,122.99955808080804,184.21792929292928,229.41723484848487,266.6429292929293
3917916,DS_Mag_50,0.09039859654662309,0.41418581274646527,0.7288108750723818,1.4038924064184386,3.2173287029651196
3917916,DS_Mag_90,0.2656749986875858,0.8056483923968195,1.7770609706378722,4.495289710145452,9.133733739503809
3917916,DS_Tim,190.51232323232324,248.5372474747475,298.7979797979798,332.1024621212121,358.0589393939394
3917916,FA_Dur,3,5.141792929292929,9.759217171717172,18.177588383838383,21.02777777777778
3917916,FA_Mag,1.5844222052113184,3.2525938313263123,7.599465877083245,14.054116268961078,26.739494777724374
3917916,FA_Tim,96.44756060606058,462.49271780303013,1377.5992108585856,2050.383614267677,2528.084630050505
3917916,Peak_10,3.44243845695534,7.37992166563595,17.5569214200306,28.4188533438161,37.4947602734776
3917916,Peak_2,0.498856032416568,1.15869203088618,2.14988491792498,5.31916515017116,7.68825095467744
3917916,Peak_5,2.96734898737096,4.66135342849844,10.191216135725,15.7670792025746,28.3873558562769
3917916,Peak_Dur_10,0.0399671661227291,0.156023120884557,0.466657333519996,0.798069494038297,0.913570966192654
3917916,Peak_Dur_2,0.0937055456532275,0.274263790417147,0.743535169927113,1.49023032393086,2.50579465012842
3917916,Peak_Dur_5,0.04602126050241893,0.141294699556853,0.403515066660661,0.730856772954123,1.08584434838898
3917916,Peak_Fre_10,0.0168141265565678,0.0372219058360226,0.0857991393120625,0.140444953188352,0.19280391427768
3917916,Peak_Fre_2,0.0245583291680522,0.0518556559707304,0.103397646669562,0.192249284002603,0.29885182758984
3917916,Peak_Fre_5,0.0182794134676141,0.0362587283339887,0.0882996214944331,0.156578325175603,0.196953135001526
3917916,SP_Dur,29.910580808080812,63.48156565656566,125.53017676767678,181.81098484848485,230.9958080808081
3917916,SP_Mag,3.220313397287164,8.771987718492676,31.071199415931204,77.18565962726808,126.62997701698384
3917916,SP_ROC,0.06099252302820707,0.11060743470751262,0.22355782808939395,0.47473596356578285,0.7551000186441668
3917916,SP_Tim,200.27045454545456,233,253.7598484848485,268.5941919191919,284.1637626262626
3917916,Wet_BFL_Dur,30.699469696969697,62.68604797979798,125.08055555555558,198.37196969696967,251.13957070707073
3917916,Wet_BFL_Mag_10,0.19040133997882075,0.5412875674805521,1.3284995768657684,2.571552068496975,4.519037937113934
3917916,Wet_BFL_Mag_50,0.27290574743246715,0.8008516356677176,1.99417612068537,5.463013223055388,18.267772228482638
3917916,Wet_Tim,23.23040404040404,64.52525252525253,133.88800505050506,173.06609848484848,199.3256313131313
3917918,DS_Dur_WS,83.98234848484849,127.29286616161616,180.5239898989899,221.04791666666668,252.51323232323233
3917918,DS_Mag_50,0.34520541583991704,1.3331759116725828,3.2092561066490486,6.88043459225364,14.670973265741981
3917918,DS_Mag_90,1.0345412361332387,3.2799924678047856,8.913152055085853,21.298105229350337,48.930809446665286
3917918,DS_Tim,210.43626262626262,256.8879419191919,297.23674242424244,329.6943813131313,351.6111363636364
3917918,FA_Dur,2.764444444444445,4.206818181818182,7.879545454545454,14.901262626262625,20.460656565656567
3917918,FA_Mag,5.093065734908213,11.37280753739797,22.186171660214406,40.43556296022838,74.81499866791877
3917918,FA_Tim,265.1523077272727,1687.1541375000004,5243.937281818183,7248.17979659091,9028.123159545456
3917918,Peak_10,5.2188745051616,11.0364459377479,19.4547636481642,33.2262875244253,43.6695560809036
3917918,Peak_2,0.717435665812102,1.40833048822124,3.0853582766151,7.64500207989027,20.3673508481011
3917918,Peak_5,3.32527530234079,7.6338133901155,13.3382262505006,20.6903822266225,34.2557928992635
3917918,Peak_Dur_10,0.017012069229729095,0.04046524595962844,0.1143475340455339,0.27550625938831513,0.45754726268421975
3917918,Peak_Dur_2,0.07805014523089707,0.22093672829262156,0.5842748741807645,1.194683959889682,2.106995063149059
3917918,Peak_Dur_5,0.0265498473383778,0.06424094397537142,0.21287112115830537,0.4067561903877275,0.6692321223995368
3917918,Peak_Fre_10,0.0105080538979101,0.02031119926470801,0.06457862743980188,0.121809462159021,0.196953135001526
3917918,Peak_Fre_2,0.020823876886481508,0.04200350537437307,0.08717505265403079,0.1916202394536135,0.3101567178467338
3917918,Peak_Fre_5,0.01625890618867458,0.024567177836352518,0.07362521468473826,0.1475300567271808,0.199373965747553
3917918,SP_Dur,33.44611111111111,60.24141414141414,105.50681818181819,156.75069444444446,196.91502525252523
3917918,SP_Mag,11.259597246375893,28.94103754062042,71.30679925121942,172.79654287984675,317.35181887103874
3917918,SP_ROC,0.042182852233939395,0.05808362781016414,0.09547265793699496,0.18210560974090909,0.34738572644661636
3917918,SP_Tim,205.47636363636363,232.41262626262625,250.86780303030307,261.83737373737375,277.2546969696969
3917918,Wet_BFL_Dur,39.47800505050505,71.95561868686869,111.83674242424243,168.64867424242425,214.97510101010099
3917918,Wet_BFL_Mag_10,0.7500683418956018,2.7185290878819783,6.169391325696283,11.009330025650089,19.370373558986355
3917918,Wet_BFL_Mag_50,1.5771835469590805,4.890078228520674,11.995827865379903,25.553998226686343,68.06128176858013
3917918,Wet_Tim,20.721818181818183,61.30473484848485,127.95820707070706,162.60094696969696,188.79290404040404
3917920,DS_Dur_WS,63.414393939393946,109.1873106060606,172.0087121212121,230.58036616161615,277.3963888888889
3917920,DS_Mag_50,0.03828077439299611,0.10632811562045112,0.18343733686784022,0.3548981633530558,0.7783442541220242
3917920,DS_Mag_90,0.06787266075060866,0.16862117963732345,0.42348875436984434,1.0830385396664672,2.415664803860289
3917920,DS_Tim,172.17502525252524,226.82411616161616,290.89545454545447,331.1948863636364,356.37439393939394
3917920,FA_Dur,3.859166666666667,6.557007575757575,13.906186868686868,21.81982323232323,27.086540404040406
3917920,FA_Mag,0.5857540369920481,1.2214190066905237,2.9584697006961176,6.052179231136309,10.467321447604135
3917920,FA_Tim,48.69208679292929,126.40310145202024,356.3928896464647,494.91143731060606,611.1883161363637
3917920,Peak_10,1.04503607862652,3.02906791571174,6.59168623573518,17.1643464610395,28.4188533438161
3917920,Peak_2,0.331251943964752,0.820581922148377,2.13102742983812,5.51788995887972,11.8846032302253
3917920,Peak_5,1.06423793557858,3.00695035095406,6.18059293817414,11.7754552605991,20.7134978510003
3917920,Peak_Dur_10,0.0525298369473861,0.187893990210723,0.466657333519996,0.809162855770636,0.913570966192654
3917920,Peak_Dur_2,0.105565372908258,0.288649837284381,0.741284466659957,1.46566164154104,2.50579465012842
3917920,Peak_Dur_5,0.058820829030448,0.172380090711631,0.409814102018492,0.730856772954123,1.07931884148761
3917920,Peak_Fre_10,0.0315656037127,0.0589085480546438,0.103397646669562,0.1860300717611,0.19816355037454
3917920,Peak_Fre_2,0.0378667625677367,0.0875732517200078,0.1573971016448,0.258494116673905,0.356998581400374
3917920,Peak_Fre_5,0.0295743398402807,0.0530742793919667,0.103397646669562,0.165491903080423,0.199373965747553
3917920,SP_Dur,30.465000000000003,66.9090909090909,137.84709595959595,189.65397727272725,246.54901515151516
3917920,SP_Mag,1.108568821914087,5.024099711744063,14.650153839468157,32.530208004181624,83.45205894867102
3917920,SP_ROC,0.08561291382666666,0.16805080143207068,0.34350928658737373,0.659617263429861,0.9933584082468941
3917920,SP_Tim,184.185101010101,232.70492424242423,254.46199494949497,271.3758207070706,285
3917920,Wet_BFL_Dur,30.39290404040404,61.60132575757576,129.98838383838384,210.79122474747476,256.619595959596
3917920,Wet_BFL_Mag_10,0.04560354154782692,0.1261874829288832,0.30894799328195194,0.6475156306242059,1.1507788508228516
3917920,Wet_BFL_Mag_50,0.07087735183871337,0.1964393031747952,0.4918027113390917,1.432352607540856,5.8946796559520065
3917920,Wet_Tim,26.92378787878788,72.49160353535353,142.2383838383838,182.24065656565656,213.46295454545452
3917922,DS_Dur_WS,63.26159090909091,108.63345959595961,172.1473484848485,230.87089646464645,277.8108080808081
3917922,DS_Mag_50,0.03771005059613889,0.10339544073350536,0.17774905231695418,0.34526679657914433,0.7450983747034112
3917922,DS_Mag_90,0.06714055758236999,0.16589688813979078,0.4158721485293192,1.0623781753018748,2.3588494163187153
3917922,DS_Tim,170.74214646464648,224.27556818181822,289.4616161616161,330.78579545454545,355.78994949494955
3917922,FA_Dur,3.914166666666667,6.745012626262627,14.653156565656566,22.414835858585853,27.573333333333334
3917922,FA_Mag,0.574259752483973,1.1939031973126617,2.9429731735996616,5.922767956108966,10.724905206343074
3917922,FA_Tim,47.622316363636365,123.43145909090913,347.6440404040404,483.5860136363636,595.5998000000001
3917922,Peak_10,1.04503607862652,3.02906791571174,6.72951901245159,17.1643464610395,28.6494600966736
3917922,Peak_2,0.33463497293617,0.820581922148377,2.13102742983812,5.80385696622972,11.9048041683382
3917922,Peak_5,1.42430750925169,3.00695035095406,6.4499285243488,12.4128056656432,23.0808146509981
3917922,Peak_Dur_10,0.0621254106666278,0.206795293339124,0.499012727508119,0.835264883376141,0.928091472695549
3917922,Peak_Dur_2,0.121452662560307,0.339052790173421,0.858005470130513,1.61834087026906,2.66126431063245
3917922,Peak_Dur_5,0.0608609977584268,0.179964388830067,0.414696856597827,0.743907786756875,1.07575156438152
3917922,Peak_Fre_10,0.031988413433366,0.0604321439655851,0.104003924921035,0.1860300717611,0.198321985036547
3917922,Peak_Fre_2,0.0437747937464038,0.0945540417720081,0.172333993126336,0.282877373362162,0.442636319248246
3917922,Peak_Fre_5,0.0299635889495311,0.0532868350303787,0.103397646669562,0.168021175838038,0.199373965747553
3917922,SP_Dur,30.556717171717175,66.71224747474747,138.24318181818182,190.04343434343434,246.87363636363636
3917922,SP_Mag,1.1520794774528815,5.14237988441573,14.808069085221081,32.453158159119,82.75203703255214
3917922,SP_ROC,0.08796516578126262,0.17314134006666668,0.35341002460012627,0.6687937432767046,0.9956888740307577
3917922,SP_Tim,183.02974747474747,232.57127525252525,254.4291666666667,271.4017045454544,285
3917922,Wet_BFL_Dur,30.572828282828283,62.36344696969697,131.2486111111111,212.4005681818182,257.83434343434345
3917922,Wet_BFL_Mag_10,0.04447502466299778,0.12436619069745306,0.303135621453246,0.6347296306000226,1.1419805471854114
3917922,Wet_BFL_Mag_50,0.06898868599022903,0.19226712163390772,0.4826610702421602,1.40762084589232,5.72503187492969
3917922,Wet_Tim,28.058560606060606,73.39217171717172,142.99368686868686,182.89608585858585,214.58964646464648
3917946,DS_Dur_WS,76.27030303030303,118.35075757575757,175.7584595959596,219.06029040404042,251.1123484848485
3917946,DS_Mag_50,1.307214703314714,3.5791842147759003,9.981553922467665,21.504081537097044,46.42510812360352
3917946,DS_Mag_90,1.6437393763520727,4.922682606956883,13.104086129705857,28.574636575357705,65.1523955885111
3917946,DS_Tim,212.8594191919192,254.7813131313131,290.1612373737373,319.1018308080808,341.30967171717174
3917946,FA_Dur,2.4785353535353534,3.8871843434343436,7.072979797979798,12.859595959595959,19.878939393939394
3917946,FA_Mag,7.815833975036284,16.932413541414544,31.908877240247744,59.689765070238785,104.7824474273701
3917946,FA_Tim,544.5430826262625,2896.452102651515,7529.920471464647,10432.724354040403,13095.444441212125
3917946,Peak_10,4.97721877138871,8.87589243063893,14.5940154478713,30.7249208723883,36.3623889403451
3917946,Peak_2,0.717435665812103,1.62695566711823,3.38473905777326,7.30529999514648,16.2947271744202
3917946,Peak_5,3.2297259003055,7.04427211532667,11.4240645723281,18.3299469889336,26.6886213165929
3917946,Peak_Dur_10,0.015907356107842344,0.033922968981105465,0.07329836296643918,0.21194622791443704,0.4441629431811693
3917946,Peak_Dur_2,0.049811705115862914,0.14100732204035782,0.4450752634318524,0.9356332917886337,1.7321013678460266
3917946,Peak_Dur_5,0.02027861240306169,0.04900411846964592,0.13575095566994463,0.3572498486146432,0.6545936341049209
3917946,Peak_Fre_10,0.010029640504896417,0.016866141767417495,0.04767495500089824,0.11662611009905205,0.194440555633332
3917946,Peak_Fre_2,0.014798217724480018,0.03214030042457064,0.06336730895290774,0.13791917043601498,0.2629081668541232
3917946,Peak_Fre_5,0.013621428537972949,0.01941048230742517,0.05581510509163964,0.13778700129619,0.20242505914444625
3917946,SP_Dur,36.120505050505045,62.07973484848485,102.74570707070704,152.19943181818184,188.3502272727273
3917946,SP_Mag,13.903465446486484,35.59559384943413,88.01008232747203,208.0344920381671,417.87651109905124
3917946,SP_ROC,0.036566984122929296,0.05260222995410353,0.08336657432260101,0.15809603818882575,0.2849133197564142
3917946,SP_Tim,174.39891414141414,210.2504419191919,233.20151515151517,250.77487373737372,261.177702020202
3917946,Wet_BFL_Dur,48.61671717171717,77.69267676767677,117.65340909090911,171.02348484848483,212.6632323232323
3917946,Wet_BFL_Mag_10,1.420672614859072,4.866090153757939,10.525145446857087,17.522491197295206,30.413448244701936
3917946,Wet_BFL_Mag_50,2.681315330547915,8.101296953687799,19.97443743921193,38.23232890859566,84.6616987658097
3917946,Wet_Tim,16.683434343434346,45.522348484848486,110.15542929292928,148.98289141414142,175.0920202020202
3917948,DS_Dur_WS,82.4865404040404,126.29595959595962,178.6080808080808,220.68055555555554,252.00340909090912
3917948,DS_Mag_50,0.8103871625148747,2.238027798596514,6.155987176974182,13.607123240060211,30.807109222524435
3917948,DS_Mag_90,1.2359055507597694,3.9213942090790535,10.415375727210149,24.181543922730185,55.94433895197072
3917948,DS_Tim,211.0675,255.59103535353537,294.62058080808083,325.1035984848485,346.8575505050505
3917948,FA_Dur,2.6429292929292934,4.0852272727272725,7.469191919191919,13.723926767676774,20.21308080808081
3917948,FA_Mag,5.919415481640072,13.058512991365417,24.753097614925768,45.82955807212842,80.88771228990365
3917948,FA_Tim,357.6186012121212,2121.5668856060606,6106.6203147727265,8424.133531060606,10508.385846818182
3917948,Peak_10,5.2188745051616,11.0364459377479,22.3231078699438,34.8826608704831,45.8993667814323
3917948,Peak_2,0.829790966202299,1.62695566711823,3.38473905777326,7.30529999514648,20.1535224207937
3917948,Peak_5,3.32527530234079,7.6338133901155,13.1196150833613,20.5954642691247,33.682299153323
3917948,Peak_Dur_10,0.015197008807449749,0.03392734273860155,0.08054641822934601,0.20340004817601956,0.38774118662621787
3917948,Peak_Dur_2,0.06472208926311547,0.1938546822523427,0.5564131682658751,1.1716480978959027,2.046600329183742
3917948,Peak_Dur_5,0.024784054079844402,0.05165737080639521,0.13969639632984107,0.3682680209864358,0.6311232146560286
3917948,Peak_Fre_10,0.0105080538979101,0.0169562799278341,0.0458430458242355,0.10346539367114713,0.18824718908109417
3917948,Peak_Fre_2,0.016103400713446434,0.034118635584556606,0.06370216808899899,0.1389396938056911,0.27758783611224314
3917948,Peak_Fre_5,0.013175637812492915,0.02171573555774405,0.05277727066227012,0.11633697384317483,0.18883443261688304
3917948,SP_Dur,34.51881313131313,61.09558080808081,104.61464646464648,155.10593434343434,193.88310606060605
3917948,SP_Mag,11.248703838497937,30.10363346532468,74.58629711890055,179.4642423884725,351.15541355392656
3917948,SP_ROC,0.04010897191469697,0.05522682286685606,0.08887759770782827,0.1676134638231692,0.3043345225530304
3917948,SP_Tim,201.01664141414142,228.76294191919192,247.03775252525256,258.99766414141413,272.0086111111111
3917948,Wet_BFL_Dur,42.70512626262626,74.0284090909091,112.26111111111113,168.47007575757578,214.43487373737372
3917948,Wet_BFL_Mag_10,0.9702890935088606,3.4389862701740563,7.63733500790654,13.344658089160859,23.181389212240774
3917948,Wet_BFL_Mag_50,1.9007585752433627,5.968541758555132,14.590284118473768,30.190184323814684,74.02896778360507
3917948,Wet_Tim,19.507499999999997,56.82386363636363,123.84255050505048,158.76041666666663,185.3246717171717
3917950,DS_Dur_WS,79.45848484848484,124.29709595959598,177.99027777777778,219.7526515151515,250.55454545454546
3917950,DS_Mag_50,1.104404903112471,2.9445177397716855,8.14939144675246,17.095753957253624,37.2400194526782
3917950,DS_Mag_90,1.4513901586853026,4.474751189209217,11.573039903264236,25.999860649079814,59.823989613961366
3917950,DS_Tim,213.27573232323232,256.90536616161614,294.4940656565656,324.0874368686869,345.7004292929293
3917950,FA_Dur,2.56239898989899,4.01395202020202,7.287878787878788,13.158207070707073,20.02378787878788
3917950,FA_Mag,6.715724159248808,14.577523852642738,27.446579783667303,50.86600624325476,89.8136672799465
3917950,FA_Tim,408.2178272727272,2364.5485,6670.698090909091,9182.964863636364,11507.117321212121
3917950,Peak_10,5.0056354836571,11.0364459377479,20.2589246406963,34.8826608704831,45.1884485291352
3917950,Peak_2,0.812138863455714,1.62695566711823,3.83896368893042,7.39022551633243,17.4958056412966
3917950,Peak_5,3.32527530234078,7.38788250625032,12.9092625047204,18.9486286029152,29.2470350818186
3917950,Peak_Dur_10,0.016329607511512034,0.03413547113239583,0.07921099068285464,0.20538458034901924,0.40741406733155977
3917950,Peak_Dur_2,0.05939585350774792,0.174500579909033,0.5172378214781457,1.080558721221787,1.95361400174751
3917950,Peak_Dur_5,0.02234777954137181,0.05029751358206966,0.13872193705642488,0.3655966684079292,0.64713982242465
3917950,Peak_Fre_10,0.0105080538979101,0.0169562799278341,0.05201320745195572,0.10914165104576674,0.194440555633332
3917950,Peak_Fre_2,0.015808742019219144,0.034047257326725276,0.06389830132357303,0.1395476996280338,0.2710711097911993
3917950,Peak_Fre_5,0.013217030348543763,0.01974732419210144,0.056668093772368235,0.12411240755896807,0.19330853540599843
3917950,SP_Dur,35.04893939393939,61.83630050505051,104.99608585858587,154.57032828282829,192.88131313131314
3917950,SP_Mag,11.330997203232812,31.34933605609657,79.59008269937011,189.51082237395642,374.1099769597903
3917950,SP_ROC,0.037772422556262626,0.05336642450012626,0.08572526286527778,0.16377290216496213,0.3030687631528536
3917950,SP_Tim,195.87542929292928,224.05246212121213,242.44242424242424,256.32411616161613,267.545101010101
3917950,Wet_BFL_Dur,44.09861111111111,74.575,112.7310606060606,168.91761363636363,214.43674242424242
3917950,Wet_BFL_Mag_10,1.2150159173056734,4.104465363376882,8.892944162012569,15.04296241808105,25.95788794667562
3917950,Wet_BFL_Mag_50,2.191238679680684,6.793309264971977,16.667699531090733,33.252462276711555,78.24566072895946
3917950,Wet_Tim,17.97517676767677,51.629482323232324,119.70530303030303,155.37474747474747,180.96295454545455
948010089,DS_Dur_WS,63.26868686868687,108.81717171717173,172.28396464646463,230.7979797979798,277.73464646464646
948010089,DS_Mag_50,0.04070497509721249,0.1133446902376152,0.19495653144546926,0.3784526868470047,0.8183161249197056
948010089,DS_Mag_90,0.07329447380441693,0.18169583837750602,0.456053161672347,1.163887915361186,2.5805025390581533
948010089,DS_Tim,171.27328282828282,224.62840909090912,289.5035353535353,330.71079545454546,355.595
948010089,FA_Dur,3.8822222222222225,6.6506944444444445,14.2520202020202,22.093181818181815,27.161287878787878
948010089,FA_Mag,0.6276624643256153,1.3033786541369634,3.209489991829721,6.4972852380153405,11.502795678950928
948010089,FA_Tim,52.011449999999996,134.9946,381.0591,529.3296,653.58414
948010089,Peak_10,1.38059206159564,3.06098657266296,6.72951901245159,17.1643464610395,28.4188533438161
948010089,Peak_2,0.33463497293617,0.820581922148377,2.13102742983812,5.80385696622972,11.9048041683382
948010089,Peak_5,1.42430750925169,3.00695035095406,6.75197602710326,12.1422713882939,22.9963319577045
948010089,Peak_Dur_10,0.0591486796805613,0.206795293339124,0.499012727508119,0.835264883376141,0.928091472695549
948010089,Peak_Dur_2,0.12015290051758,0.338493698822456,0.858005470130513,1.61834087026906,2.64660751630348
948010089,Peak_Dur_5,0.0612517903108585,0.181534390612108,0.414696856597827,0.743907786756875,1.07575156438152
948010089,Peak_Fre_10,0.0317347276009664,0.0596203943809793,0.103625001013864,0.1860300717611,0.198321985036547
948010089,Peak_Fre_2,0.0437747937464038,0.0945540417720081,0.172333993126336,0.28455251665486,0.442636319248246
948010089,Peak_Fre_5,0.0293966979297326,0.0525298369473861,0.103397646669562,0.166177746649864,0.199373965747553
948010089,SP_Dur,30.588535353535356,66.72335858585859,137.96401515151516,189.7165404040404,246.65353535353537
948010089,SP_Mag,1.2424772453004922,5.570000381957111,16.046024763606397,35.346553228456514,90.33504595830217
948010089,SP_ROC,0.08728601000732324,0.1718992944220328,0.3507152995801768,0.6655262750643308,0.9970763905012121
948010089,SP_Tim,183.8890909090909,232.6814393939394,254.43320707070708,271.3656565656564,285
948010089,Wet_BFL_Dur,30.542373737373737,62.27449494949495,130.80871212121212,211.88743686868688,257.3388636363636
948010089,Wet_BFL_Mag_10,0.04868925959154274,0.13566024210929672,0.33192063931446697,0.6950127681180425,1.2427210217264704
948010089,Wet_BFL_Mag_50,0.0756199750381912,0.210988022105441,0.5301442856710452,1.5514211197037875,6.2759828162297815
948010089,Wet_Tim,27.228712121212123,72.50435606060607,142.50757575757578,182.3575757575758,213.6480808080808
